,,,,,,,Playing Time,Playing Time,Playing Time,Playing Time,Performance,Performance,Performance,Performance,Performance,Performance,Performance,Performance,Expected,Expected,Expected,Expected,Progression,Progression,Progression,Per 90 Minutes,Per 90 Minutes,Per 90 Minutes,Per 90 Minutes,Per 90 Minutes,Per 90 Minutes,Per 90 Minutes,Per 90 Minutes,Per 90 Minutes,Per 90 Minutes,,#NAME?
Rk,Player,Nation,Pos,Squad,Age,Born,MP,Starts,Min,90s,Gls,Ast,G+A,G-PK,PK,PKatt,CrdY,CrdR,xG,npxG,xAG,npxG+xAG,PrgC,PrgP,PrgR,Gls,Ast,G+A,G-PK,G+A-PK,xG,xAG,xG+xAG,npxG,npxG+xAG,Matches,-9999
1,Brenden Aaronson,us USA,MFFW,Leeds United,22-183,2000,31,28,2273,25.3,1,3,4,1,0,0,2,0,3.6,3.6,4.2,7.8,43,84,143,0.04,0.12,0.16,0.04,0.16,0.14,0.17,0.31,0.14,0.31,Matches,5bc43860
2,Che Adams,sct SCO,FW,Southampton,26-284,1996,25,22,1873,20.8,5,3,8,5,0,0,1,0,5.9,5.9,2.8,8.7,14,30,96,0.24,0.14,0.38,0.24,0.38,0.28,0.13,0.42,0.28,0.42,Matches,f2bf1b0f
3,Tyler Adams,us USA,MF,Leeds United,24-068,1999,24,24,2156,24,0,0,0,0,0,0,6,1,0.1,0.1,1.4,1.5,19,136,20,0,0,0,0,0,0,0.06,0.06,0,0.06,Matches,2b09d998
4,Tosin Adarabioyo,eng ENG,DF,Fulham,25-211,1997,18,16,1455,16.2,1,0,1,1,0,0,3,0,0.4,0.4,0.2,0.6,15,64,3,0.06,0,0.06,0.06,0.06,0.02,0.01,0.03,0.02,0.03,Matches,c81d773d
5,Nayef Aguerd,ma MAR,DF,West Ham,27-024,1996,12,11,1055,11.7,1,0,1,1,0,0,3,0,1.4,1.4,0.4,1.8,2,17,4,0.09,0,0.09,0.09,0.09,0.12,0.03,0.15,0.12,0.15,Matches,288e1e13
6,Naouirou Ahamada,fr FRA,MFFW,Crystal Palace,21-025,2002,7,0,93,1,0,0,0,0,0,0,1,0,0.2,0.2,0.1,0.2,1,2,11,0,0,0,0,0,0.15,0.07,0.22,0.15,0.22,Matches,a6c58494
7,Rayan Aït Nouri,dz ALG,DF,Wolves,21-321,2001,20,9,1031,11.5,1,0,1,1,0,0,4,0,0.7,0.7,1,1.7,30,43,76,0.09,0,0.09,0.09,0.09,0.06,0.09,0.15,0.06,0.15,Matches,9b398aea
8,Kristoffer Ajer,no NOR,DF,Brentford,25-006,1998,9,9,763,8.5,0,0,0,0,0,0,0,0,0,0,0,0.1,10,31,12,0,0,0,0,0,0,0,0.01,0,0.01,Matches,a8c0acb7
9,Manuel Akanji,ch SUI,DF,Manchester City,27-278,1995,23,19,1856,20.6,0,1,1,0,0,0,2,0,1.2,1.2,0.3,1.4,21,91,10,0,0.05,0.05,0,0.05,0.06,0.01,0.07,0.06,0.07,Matches,89ac64a6
10,Nathan Aké,nl NED,DF,Manchester City,28-064,1995,23,19,1683,18.7,0,0,0,0,0,0,2,0,1,1,0.6,1.6,22,128,28,0,0,0,0,0,0.05,0.03,0.09,0.05,0.09,Matches,eaeca114
11,Marc Albrighton,eng ENG,FWMF,Leicester City,33-156,1989,6,1,237,2.6,1,0,1,1,0,0,0,0,0.3,0.3,0.9,1.3,4,7,18,0.38,0,0.38,0.38,0.38,0.13,0.34,0.48,0.13,0.48,Matches,b827d5b3
12,Thiago Alcántara,es ESP,MF,Liverpool,32-012,1991,17,14,1222,13.6,0,0,0,0,0,0,2,0,0.4,0.4,1.1,1.5,13,118,23,0,0,0,0,0,0.03,0.08,0.11,0.03,0.11,Matches,77e84962
13,Carlos Alcaraz,ar ARG,MFFW,Southampton,20-144,2002,12,7,556,6.2,3,1,4,3,0,0,2,0,1,1,0.5,1.6,9,14,21,0.49,0.16,0.65,0.49,0.65,0.16,0.09,0.25,0.16,0.25,Matches,4abac767
14,Trent Alexander-Arnold,eng ENG,DF,Liverpool,24-198,1998,30,27,2293,25.5,1,6,7,1,0,0,4,0,1.7,1.7,8.8,10.5,34,190,121,0.04,0.24,0.27,0.04,0.27,0.07,0.34,0.41,0.07,0.41,Matches,cd1acf9d
15,Alisson,br BRA,GK,Liverpool,30-203,1992,31,31,2790,31,0,1,1,0,0,0,0,0,0,0,0.3,0.3,0,2,0,0,0.03,0.03,0,0.03,0,0.01,0.01,0,0.01,Matches,7a2e46a8
16,Dele Alli,eng ENG,MF,Everton,27-012,1996,2,0,40,0.4,0,0,0,0,0,0,0,0,0,0,0,0,0,1,1,0,0,0,0,0,0,0,0,0,0,Matches,cea4ee8f
17,Miguel Almirón,py PAR,FW,Newcastle Utd,29-072,1994,26,24,2013,22.4,11,1,12,11,0,0,2,0,6.3,6.3,1.6,7.9,62,107,209,0.49,0.04,0.54,0.49,0.54,0.28,0.07,0.35,0.28,0.35,Matches,862a1c15
18,Julián Álvarez,ar ARG,FWMF,Manchester City,23-082,2000,23,7,906,10.1,7,0,7,6,1,1,0,0,5.2,4.4,1.3,5.7,22,24,57,0.7,0,0.7,0.6,0.6,0.52,0.13,0.65,0.44,0.57,Matches,15ab5a2b
19,Daniel Amartey,gh GHA,DF,Leicester City,28-123,1994,20,18,1610,17.9,0,0,0,0,0,0,1,0,1.1,1.1,0.5,1.6,23,66,5,0,0,0,0,0,0.06,0.03,0.09,0.06,0.09,Matches,1a4ef233
20,Joachim Andersen,dk DEN,DF,Crystal Palace,26-327,1996,26,26,2287,25.4,1,0,1,1,0,0,7,0,1.6,1.6,1.1,2.6,6,72,6,0.04,0,0.04,0.04,0.04,0.06,0.04,0.1,0.06,0.1,Matches,e34fc66d
21,Elliot Anderson,sct SCO,FWMF,Newcastle Utd,20-168,2002,15,1,209,2.3,0,0,0,0,0,0,0,0,0.8,0.8,0.7,1.6,16,10,19,0,0,0,0,0,0.35,0.31,0.67,0.35,0.67,Matches,de31038e
22,Jaidon Anthony,eng ENG,MFFW,Bournemouth,23-143,1999,24,10,1074,11.9,3,0,3,3,0,0,2,0,2.2,2.2,0.6,2.8,24,44,64,0.25,0,0.25,0.25,0.25,0.18,0.05,0.23,0.18,0.23,Matches,e4238fb1
23,Michail Antonio,jm JAM,FW,West Ham,33-026,1990,27,15,1392,15.5,3,2,5,3,0,0,2,0,4,4,1.1,5.1,35,21,91,0.19,0.13,0.32,0.19,0.32,0.26,0.07,0.33,0.26,0.33,Matches,ac05f970
24,Antony,br BRA,FW,Manchester Utd,23-058,2000,18,17,1366,15.2,4,1,5,4,0,0,4,0,4.8,4.8,1.7,6.5,70,54,125,0.26,0.07,0.33,0.26,0.33,0.32,0.11,0.43,0.32,0.43,Matches,99127249
25,Cameron Archer,eng ENG,FWMF,Aston Villa,21-276,2001,6,0,49,0.5,0,0,0,0,0,0,0,0,0,0,0,0,3,0,3,0,0,0,0,0,0,0,0,0,0,Matches,05e8ca6d
26,Alphonse Areola,fr FRA,GK,West Ham,30-055,1993,5,2,309,3.4,0,0,0,0,0,0,0,0,0,0,0,0,0,0,0,0,0,0,0,0,0,0,0,0,0,Matches,2f965a72
27,Joe Aribo,ng NGA,MFFW,Southampton,26-276,1996,20,12,1155,12.8,2,0,2,2,0,0,2,0,1.5,1.5,0.8,2.3,19,39,62,0.16,0,0.16,0.16,0.16,0.12,0.06,0.18,0.12,0.18,Matches,328f7d51
28,Adam Armstrong,eng ENG,FW,Southampton,26-072,1997,25,13,1187,13.2,1,1,2,1,0,0,2,0,1.6,1.6,0.7,2.3,37,15,60,0.08,0.08,0.15,0.08,0.15,0.12,0.05,0.17,0.12,0.17,Matches,68c720b5
29,Stuart Armstrong,sct SCO,MFFW,Southampton,31-024,1992,26,11,1114,12.4,1,0,1,1,0,0,5,0,1.6,1.6,1.7,3.3,45,60,67,0.08,0,0.08,0.08,0.08,0.13,0.14,0.27,0.13,0.27,Matches,97333cf5
30,Kepa Arrizabalaga,es ESP,GK,Chelsea,28-202,1994,23,23,2025,22.5,0,0,0,0,0,0,1,0,0,0,0,0,0,0,0,0,0,0,0,0,0,0,0,0,0,Matches,28d596a0
31,Pierre-Emerick Aubameyang,ga GAB,FW,Chelsea,33-309,1989,13,4,464,5.2,1,0,1,1,0,0,1,0,0.9,0.9,0.4,1.3,8,3,24,0.19,0,0.19,0.19,0.19,0.18,0.08,0.26,0.18,0.26,Matches,d5dd5f1f
32,Ludwig Augustinsson,se SWE,DF,Aston Villa,29-002,1994,3,1,77,0.9,0,0,0,0,0,0,1,0,0.1,0.1,0,0.1,0,0,3,0,0,0,0,0,0.1,0,0.1,0.1,0.1,Matches,9fec8860
33,Serge Aurier,ci CIV,DF,Nott'ham Forest,30-120,1992,18,16,1430,15.9,1,0,1,1,0,0,2,0,0.7,0.7,1,1.7,33,59,42,0.06,0,0.06,0.06,0.06,0.05,0.06,0.11,0.05,0.11,Matches,5c2b4f07
34,Taiwo Awoniyi,ng NGA,FW,Nott'ham Forest,25-254,1997,21,11,946,10.5,4,0,4,4,0,0,1,0,5.3,5.3,1,6.3,12,7,39,0.38,0,0.38,0.38,0.38,0.5,0.09,0.6,0.5,0.6,Matches,e5478b87
35,Yasin Ayari,se SWE,MF,Brighton,19-199,2003,1,0,11,0.1,0,0,0,0,0,0,0,0,0,0,0.1,0.1,0,2,0,0,0,0,0,0,0.19,0.58,0.77,0.19,0.77,Matches,f173303a
36,André Ayew,gh GHA,FWMF,Nott'ham Forest,33-127,1989,10,1,266,3,0,0,0,0,0,1,0,0,1,0.3,0,0.3,3,6,15,0,0,0,0,0,0.35,0,0.35,0.09,0.09,Matches,5dbefa9d
37,Jordan Ayew,gh GHA,FWMF,Crystal Palace,31-224,1991,32,25,2181,24.2,3,2,5,3,0,0,3,0,2.7,2.7,2.5,5.2,67,51,138,0.12,0.08,0.21,0.12,0.21,0.11,0.1,0.22,0.11,0.22,Matches,da052c14
38,Luke Ayling,eng ENG,DF,Leeds United,31-241,1991,23,16,1514,16.8,1,1,2,1,0,0,2,0,2,2,1.6,3.6,18,58,67,0.06,0.06,0.12,0.06,0.12,0.12,0.1,0.21,0.12,0.21,Matches,420d7c7d
39,César Azpilicueta,es ESP,DF,Chelsea,33-238,1989,19,11,1106,12.3,0,0,0,0,0,0,3,0,0.3,0.3,1,1.3,17,59,60,0,0,0,0,0,0.03,0.08,0.11,0.03,0.11,Matches,53cad200
40,Benoît Badiashile,fr FRA,DF,Chelsea,22-028,2001,9,8,725,8.1,0,0,0,0,0,0,1,0,0.8,0.8,0.5,1.3,9,45,1,0,0,0,0,0,0.1,0.06,0.16,0.1,0.16,Matches,06df8256
41,Leon Bailey,jm JAM,FWMF,Aston Villa,25-257,1997,29,23,1735,19.3,4,3,7,4,0,0,4,0,4.9,4.9,3.6,8.5,76,26,166,0.21,0.16,0.36,0.21,0.36,0.25,0.19,0.44,0.25,0.44,Matches,3a233281
42,Stefan Bajcetic,es ESP,MF,Liverpool,18-183,2004,11,6,526,5.8,1,0,1,1,0,0,2,0,0.8,0.8,0.4,1.2,10,24,1,0.17,0,0.17,0.17,0.17,0.13,0.06,0.2,0.13,0.2,Matches,32e8417f
43,Patrick Bamford,eng ENG,FW,Leeds United,29-230,1993,23,13,1155,12.8,3,2,5,3,0,1,2,0,6.6,5.8,0.9,6.7,14,19,79,0.23,0.16,0.39,0.23,0.39,0.52,0.07,0.58,0.46,0.52,Matches,93feac6e
44,Shandon Baptiste,gd GRN,MF,Brentford,25-015,1998,17,4,517,5.7,0,0,0,0,0,0,3,1,0.3,0.3,0.8,1,8,36,22,0,0,0,0,0,0.05,0.13,0.18,0.05,0.18,Matches,2886c9b5
45,Harvey Barnes,eng ENG,FWMF,Leicester City,25-135,1997,28,27,2287,25.4,10,1,11,10,0,0,2,0,7.6,7.6,2.1,9.7,85,65,228,0.39,0.04,0.43,0.39,0.43,0.3,0.08,0.38,0.3,0.38,Matches,3ea50f67
46,Gavin Bazunu,ie IRL,GK,Southampton,21-062,2002,32,32,2880,32,0,0,0,0,0,0,0,0,0,0,0.1,0.1,0,1,0,0,0,0,0,0,0,0,0,0,0,Matches,c91441dc
47,Mads Bech Sørensen,dk DEN,DFMF,Brentford,24-106,1999,4,0,21,0.2,0,0,0,0,0,0,0,0,0,0,0,0,0,1,0,0,0,0,0,0,0,0,0,0,0,Matches,30db8574
48,Jan Bednarek,pl POL,DF,Southampton,27-011,1996,14,14,1132,12.6,0,0,0,0,0,0,3,0,0.4,0.4,0.1,0.5,4,31,2,0,0,0,0,0,0.03,0.01,0.04,0.03,0.04,Matches,4115ce4e
49,Jan Bednarek,pl POL,DF,Aston Villa,27-011,1996,3,1,100,1.1,0,0,0,0,0,0,0,0,0,0,0,0,1,5,0,0,0,0,0,0,0,0,0,0,0,Matches,4115ce4e
50,Donny van de Beek,nl NED,MF,Manchester Utd,26-005,1997,7,2,167,1.9,0,0,0,0,0,0,0,0,0.1,0.1,0.1,0.2,2,6,20,0,0,0,0,0,0.05,0.06,0.11,0.05,0.11,Matches,50dc94ce
51,Asmir Begović,ba BIH,GK,Everton,35-307,1987,1,1,90,1,0,0,0,0,0,0,0,0,0,0,0,0,0,0,0,0,0,0,0,0,0,0,0,0,0,Matches,7b4de647
52,Armel Bella Kotchap,de GER,DF,Southampton,21-133,2001,22,22,1752,19.5,0,2,2,0,0,0,4,0,1,1,1,2.1,9,36,2,0,0.1,0.1,0,0.1,0.05,0.05,0.11,0.05,0.11,Matches,a39d11bc
53,Saïd Benrahma,dz ALG,FWMF,West Ham,27-256,1995,28,18,1700,18.9,5,3,8,1,4,4,0,0,6.2,3.1,3.8,6.8,86,66,195,0.26,0.16,0.42,0.05,0.21,0.33,0.2,0.53,0.16,0.36,Matches,5a04fd92
54,Rodrigo Bentancur,uy URU,MF,Tottenham,25-302,1997,18,17,1500,16.7,5,2,7,5,0,0,8,0,2.2,2.2,0.8,3.1,26,76,19,0.3,0.12,0.42,0.3,0.42,0.13,0.05,0.18,0.13,0.18,Matches,3b8674e6
55,Victor Bernth Kristiansen,dk DEN,DF,Leicester City,20-128,2002,9,9,724,8,0,1,1,0,0,0,1,0,0.1,0.1,0.8,0.9,15,23,22,0,0.12,0.12,0,0.12,0.02,0.1,0.11,0.02,0.11,Matches,505486d6
56,Owen Bevan,wls WAL,DF,Bournemouth,19-179,2003,1,0,9,0.1,0,0,0,0,0,0,0,0,0,0,0,0,0,0,0,0,0,0,0,0,0,0,0,0,0,Matches,87966294
57,Giulian Biancone,fr FRA,DF,Nott'ham Forest,23-023,2000,2,0,17,0.2,0,0,0,0,0,0,0,0,0,0,0,0,2,0,1,0,0,0,0,0,0,0,0,0,0,Matches,de40e38c
58,Philip Billing,dk DEN,MFFW,Bournemouth,26-316,1996,30,28,2293,25.5,7,1,8,7,0,0,5,0,3.8,3.8,3,6.8,33,64,79,0.27,0.04,0.31,0.27,0.31,0.15,0.12,0.27,0.15,0.27,Matches,d328a254
59,Yves Bissouma,ml MLI,MF,Tottenham,26-236,1996,20,8,814,9,0,0,0,0,0,0,5,0,0.2,0.2,0.5,0.7,10,45,7,0,0,0,0,0,0.02,0.06,0.08,0.02,0.08,Matches,6c203af0
60,Willy Boly,ci CIV,DF,Nott'ham Forest,32-079,1991,8,8,592,6.6,0,1,1,0,0,0,2,0,0,0,0.2,0.2,1,10,0,0,0.15,0.15,0,0.15,0,0.03,0.03,0,0.03,Matches,a4ac4b8f
61,Sven Botman,nl NED,DF,Newcastle Utd,23-101,2000,28,27,2407,26.7,0,0,0,0,0,0,2,0,1.3,1.3,1,2.2,7,67,3,0,0,0,0,0,0.05,0.04,0.08,0.05,0.08,Matches,ccce7025
62,Jarrod Bowen,eng ENG,FWMF,West Ham,26-124,1996,30,30,2690,29.9,5,3,8,4,1,2,2,0,7.8,6.7,5.4,12.2,84,56,183,0.17,0.1,0.27,0.13,0.23,0.26,0.18,0.44,0.23,0.41,Matches,79c84d1c
63,James Bree,eng ENG,DF,Southampton,25-194,1997,3,2,201,2.2,0,0,0,0,0,0,0,0,0,0,0.2,0.2,3,3,11,0,0,0,0,0,0,0.1,0.1,0,0.1,Matches,c07b7c5c
64,Armando Broja,al ALB,FW,Chelsea,21-225,2001,12,2,294,3.3,1,0,1,1,0,0,0,0,0.8,0.8,0.1,0.9,8,4,17,0.31,0,0.31,0.31,0.31,0.26,0.02,0.27,0.26,0.27,Matches,97220da2
65,David Brooks,wls WAL,DFFW,Bournemouth,25-289,1997,2,0,31,0.3,0,0,0,0,0,0,0,0,0,0,0,0,0,0,1,0,0,0,0,0,0.11,0,0.11,0.11,0.11,Matches,dc4cae05
66,Lewis Brunt,eng ENG,DF,Leicester City,22-168,2000,1,0,23,0.3,0,0,0,0,0,0,0,0,0,0,0,0,0,0,2,0,0,0,0,0,0,0,0,0,0,Matches,a2081c6b
67,Bryan,es ESP,MFFW,Tottenham,22-071,2001,4,2,148,1.6,0,1,1,0,0,0,1,0,0.1,0.1,0.2,0.3,4,5,15,0,0.61,0.61,0,0.61,0.06,0.11,0.17,0.06,0.17,Matches,7b5ab7f2
68,Emi Buendía,ar ARG,MFFW,Aston Villa,26-119,1996,32,23,2052,22.8,5,2,7,5,0,0,0,0,5.6,5.6,5.2,10.7,52,123,116,0.22,0.09,0.31,0.22,0.31,0.24,0.23,0.47,0.24,0.47,Matches,66b76d44
69,Hugo Bueno,es ESP,DF,Wolves,20-217,2002,17,13,1068,11.9,0,1,1,0,0,0,1,0,0.2,0.2,0.6,0.8,43,33,56,0,0.08,0.08,0,0.08,0.01,0.05,0.07,0.01,0.07,Matches,bfc3b3a0
70,Facundo Buonanotte,ar ARG,FWMF,Brighton,18-121,2004,4,0,58,0.6,0,1,1,0,0,0,0,0,0.1,0.1,0.1,0.3,2,1,3,0,1.55,1.55,0,1.55,0.22,0.18,0.4,0.22,0.4,Matches,468a7a91
71,Dan Burn,eng ENG,DF,Newcastle Utd,30-349,1992,30,29,2541,28.2,0,0,0,0,0,0,4,0,1.2,1.2,1.2,2.4,23,85,34,0,0,0,0,0,0.04,0.04,0.08,0.04,0.08,Matches,b2d31e83
72,Cafú,pt POR,MF,Nott'ham Forest,30-056,1993,1,0,7,0.1,0,0,0,0,0,0,0,0,0,0,0,0,0,1,0,0,0,0,0,0,0,0,0,0,0,Matches,85322440
73,Moisés Caicedo,ec ECU,MF,Brighton,21-172,2001,28,27,2438,27.1,1,1,2,1,0,0,8,0,1.3,1.3,2.3,3.6,25,167,38,0.04,0.04,0.07,0.04,0.07,0.05,0.08,0.13,0.05,0.13,Matches,16264a81
74,Tom Cairney,sct SCO,MF,Fulham,32-093,1991,26,1,555,6.2,0,0,0,0,0,0,2,0,0.7,0.7,1.2,1.9,24,64,34,0,0,0,0,0,0.11,0.2,0.31,0.11,0.31,Matches,a8748947
75,Duje Ćaleta-Car,hr CRO,DF,Southampton,26-218,1996,12,8,856,9.5,1,0,1,1,0,0,2,0,0.8,0.8,0,0.8,3,28,0,0.11,0,0.11,0.11,0.11,0.08,0,0.09,0.08,0.09,Matches,94f8d10c
76,Dominic Calvert-Lewin,eng ENG,FW,Everton,26-038,1997,12,10,820,9.1,1,0,1,1,0,0,2,0,3.1,3.1,0.3,3.5,11,11,34,0.11,0,0.11,0.11,0.11,0.34,0.04,0.38,0.34,0.38,Matches,59e6e5bf
77,Chem Campbell,wls WAL,FWMF,Wolves,20-114,2002,5,0,74,0.8,0,0,0,0,0,0,0,0,0.1,0.1,0,0.1,2,4,10,0,0,0,0,0,0.12,0,0.12,0.12,0.12,Matches,6f711f67
78,João Cancelo,pt POR,DF,Manchester City,28-331,1994,17,16,1274,14.2,2,1,3,2,0,0,3,1,0.8,0.8,0.9,1.7,72,106,125,0.14,0.07,0.21,0.14,0.21,0.06,0.06,0.12,0.06,0.12,Matches,bd6351cd
79,Thomas Cannon,ie IRL,FW,Everton,20-116,2002,2,0,25,0.3,0,0,0,0,0,0,0,0,0.1,0.1,0.5,0.6,1,0,2,0,0,0,0,0,0.32,1.95,2.27,0.32,2.27,Matches,4506aec5
80,Sergi Canós,es ESP,FWDF,Brentford,26-080,1997,5,0,77,0.9,0,0,0,0,0,0,0,0,0.1,0.1,0,0.1,4,2,7,0,0,0,0,0,0.09,0.03,0.11,0.09,0.11,Matches,1137759d
81,Diego Carlos,br BRA,DF,Aston Villa,30-039,1993,2,2,179,2,0,0,0,0,0,0,0,0,0.4,0.4,0,0.4,0,10,0,0,0,0,0,0,0.18,0,0.18,0.18,0.18,Matches,b4a014b1
82,Fabio Carvalho,pt POR,MFFW,Liverpool,20-236,2002,12,4,340,3.8,2,0,2,2,0,0,0,0,1.1,1.1,0.1,1.2,7,11,26,0.53,0,0.53,0.53,0.53,0.29,0.03,0.32,0.29,0.32,Matches,966e28d0
83,Casemiro,br BRA,MF,Manchester Utd,31-059,1992,20,16,1428,15.9,2,3,5,2,0,0,5,2,2.1,2.1,2.3,4.4,8,92,26,0.13,0.19,0.32,0.13,0.32,0.13,0.15,0.27,0.13,0.27,Matches,4d224fe8
84,Matty Cash,pl POL,DF,Aston Villa,25-259,1997,23,18,1639,18.2,0,1,1,0,0,0,3,0,0.2,0.2,0.7,0.9,41,74,56,0,0.05,0.05,0,0.05,0.01,0.04,0.05,0.01,0.05,Matches,2389cdc2
85,Timothy Castagne,be BEL,DF,Leicester City,27-139,1995,31,30,2715,30.2,2,3,5,2,0,0,3,0,2,2,2.5,4.5,36,95,129,0.07,0.1,0.17,0.07,0.17,0.07,0.08,0.15,0.07,0.15,Matches,197640fd
86,Jonny Castro,es ESP,DF,Wolves,29-051,1994,18,14,1261,14,1,0,1,1,0,0,3,1,0.3,0.3,1,1.3,24,70,46,0.07,0,0.07,0.07,0.07,0.02,0.07,0.1,0.02,0.1,Matches,e28868f3
87,Julio César Enciso,py PAR,MFFW,Brighton,19-090,2004,11,0,257,2.9,2,0,2,2,0,0,1,0,1.9,1.9,0.3,2.2,13,11,22,0.7,0,0.7,0.7,0.7,0.66,0.1,0.76,0.66,0.76,Matches,9cfbad36
88,Nathaniel Chalobah,eng ENG,MF,Fulham,28-132,1994,4,1,12,0.1,0,0,0,0,0,0,0,1,0.1,0.1,0,0.1,0,0,0,0,0,0,0,0,0.71,0,0.71,0.71,0.71,Matches,422862ea
89,Trevoh Chalobah,eng ENG,DF,Chelsea,23-292,1999,18,12,1108,12.3,0,0,0,0,0,0,4,0,0.4,0.4,0.1,0.5,9,37,10,0,0,0,0,0,0.03,0,0.04,0.03,0.04,Matches,5515376c
90,Calum Chambers,eng ENG,DFMF,Aston Villa,28-093,1995,12,2,320,3.6,0,0,0,0,0,0,2,0,0,0,0.3,0.3,5,15,1,0,0,0,0,0,0.01,0.08,0.08,0.01,0.08,Matches,dc6f5bdd
91,Ben Chilwell,eng ENG,DFMF,Chelsea,26-123,1996,20,12,1154,12.8,2,2,4,2,0,0,3,0,1.2,1.2,2.1,3.3,35,29,117,0.16,0.16,0.31,0.16,0.31,0.1,0.16,0.26,0.1,0.26,Matches,d2424d1b
92,Ryan Christie,sct SCO,MFFW,Bournemouth,28-060,1995,25,15,1323,14.7,1,0,1,1,0,0,2,0,1.8,1.8,1.2,3,31,55,47,0.07,0,0.07,0.07,0.07,0.12,0.08,0.2,0.12,0.2,Matches,26ce2263
93,Carney Chukwuemeka,eng ENG,MFFW,Chelsea,19-185,2003,11,1,232,2.6,0,0,0,0,0,0,0,0,0.3,0.3,0.1,0.4,13,12,16,0,0,0,0,0,0.11,0.04,0.16,0.11,0.16,Matches,b2f9c73e
94,Bobby Clark,eng ENG,MF,Liverpool,18-075,2005,1,0,8,0.1,0,0,0,0,0,0,0,0,0,0,0,0,0,1,2,0,0,0,0,0,0,0,0,0,0,Matches,73341ace
95,Nathaniel Clyne,eng ENG,DF,Crystal Palace,32-018,1991,22,19,1640,18.2,0,0,0,0,0,0,3,0,0,0,0.7,0.7,14,52,29,0,0,0,0,0,0,0.04,0.04,0,0.04,Matches,0442183b
96,Conor Coady,eng ENG,DF,Everton,30-057,1993,22,22,1970,21.9,1,1,2,1,0,0,2,0,0.8,0.8,0.3,1.2,4,40,1,0.05,0.05,0.09,0.05,0.09,0.04,0.01,0.05,0.04,0.05,Matches,2928dca2
97,Jack Colback,eng ENG,MF,Nott'ham Forest,33-181,1989,11,4,497,5.5,0,0,0,0,0,0,0,0,0,0,0.2,0.2,5,16,3,0,0,0,0,0,0,0.03,0.03,0,0.03,Matches,963a9201
98,Séamus Coleman,ie IRL,DF,Everton,34-194,1988,22,19,1612,17.9,1,0,1,1,0,0,1,0,0.3,0.3,0.6,0.9,13,55,34,0.06,0,0.06,0.06,0.06,0.02,0.03,0.05,0.02,0.05,Matches,0420d84f
99,Nathan Collins,ie IRL,DF,Wolves,21-358,2001,21,17,1579,17.5,0,0,0,0,0,0,2,1,0.1,0.1,0.1,0.2,11,60,5,0,0,0,0,0,0.01,0,0.01,0.01,0.01,Matches,a8c19eb8
100,Levi Colwill,eng ENG,DF,Brighton,20-056,2003,10,8,711,7.9,0,0,0,0,0,0,0,0,0.4,0.4,0.1,0.5,11,35,3,0,0,0,0,0,0.05,0.02,0.06,0.05,0.06,Matches,7.01E+12
101,Lewis Cook,eng ENG,MF,Bournemouth,26-079,1997,23,17,1554,17.3,0,2,2,0,0,0,3,0,0.2,0.2,2.3,2.4,9,56,8,0,0.12,0.12,0,0.12,0.01,0.13,0.14,0.01,0.14,Matches,2afc7272
102,Steve Cook,eng ENG,DF,Nott'ham Forest,32-004,1991,12,11,957,10.6,0,0,0,0,0,0,4,0,0.1,0.1,0.6,0.7,1,19,0,0,0,0,0,0,0.01,0.05,0.07,0.01,0.07,Matches,3e5e4e63
103,Liam Cooper,sct SCO,DF,Leeds United,31-236,1991,15,13,1213,13.5,1,0,1,1,0,0,3,0,1,1,0.7,1.7,2,35,2,0.07,0,0.07,0.07,0.07,0.07,0.06,0.13,0.07,0.13,Matches,dc64b8b3
104,Maxwel Cornet,ci CIV,FW,West Ham,26-208,1996,9,1,129,1.4,0,0,0,0,0,0,0,0,1,1,0.1,1.1,4,4,20,0,0,0,0,0,0.71,0.05,0.76,0.71,0.76,Matches,beb391dd
105,Diego Costa,es ESP,FW,Wolves,34-198,1988,18,12,928,10.3,1,0,1,1,0,0,2,1,2.6,2.6,0.5,3.1,15,10,50,0.1,0,0.1,0.1,0.1,0.26,0.04,0.3,0.26,0.3,Matches,a190d597
106,Vladimír Coufal,cz CZE,DF,West Ham,30-244,1992,21,18,1634,18.2,0,0,0,0,0,0,4,0,0.3,0.3,1.8,2,44,73,82,0,0,0,0,0,0.01,0.1,0.11,0.01,0.11,Matches,fdf3cb77
107,Philippe Coutinho,br BRA,MFFW,Aston Villa,30-315,1992,20,7,788,8.8,1,0,1,1,0,0,3,0,1.4,1.4,0.5,1.8,18,48,68,0.11,0,0.11,0.11,0.11,0.16,0.05,0.21,0.16,0.21,Matches,0ef89a37
108,Conor Coventry,ie IRL,MFFW,West Ham,23-029,2000,1,0,1,0,0,0,0,0,0,0,0,0,0,0,0,0,0,0,0,0,0,0,0,0,0,0,0,0,0,Matches,a5ca9127
109,Aaron Cresswell,eng ENG,DF,West Ham,33-129,1989,22,19,1761,19.6,0,0,0,0,0,0,3,0,0.3,0.3,3,3.3,28,126,70,0,0,0,0,0,0.02,0.15,0.17,0.02,0.17,Matches,4f974391
110,Marc Cucurella,es ESP,DF,Chelsea,24-275,1998,24,21,1671,18.6,0,2,2,0,0,0,4,0,0.4,0.4,0.6,1,30,73,65,0,0.11,0.11,0,0.11,0.02,0.03,0.06,0.02,0.06,Matches,1daec722
111,Matheus Cunha,br BRA,FW,Wolves,23-331,1999,13,9,768,8.5,2,0,2,2,0,0,1,0,1.8,1.8,0.5,2.3,13,13,40,0.23,0,0.23,0.23,0.23,0.21,0.06,0.27,0.21,0.27,Matches,dc62b55d
112,Patson Daka,zm ZAM,FW,Leicester City,24-196,1998,25,13,1063,11.8,4,3,7,4,0,0,2,0,3.5,3.5,2.5,5.9,17,17,73,0.34,0.25,0.59,0.34,0.59,0.29,0.21,0.5,0.29,0.5,Matches,ca45605e
113,Diogo Dalot,pt POR,DF,Manchester Utd,24-036,1999,21,20,1790,19.9,1,2,3,1,0,0,5,0,2.4,2.4,1.9,4.4,42,82,73,0.05,0.1,0.15,0.05,0.15,0.12,0.1,0.22,0.12,0.22,Matches,d9565625
114,Mikkel Damsgaard,dk DEN,MFFW,Brentford,22-294,2000,20,6,700,7.8,0,0,0,0,0,0,3,0,0.6,0.6,1,1.6,6,32,31,0,0,0,0,0,0.08,0.13,0.21,0.08,0.21,Matches,215f3907
115,Danilo,br BRA,MF,Nott'ham Forest,21-359,2001,8,7,545,6.1,0,1,1,0,0,0,1,0,0.3,0.3,0.3,0.6,6,26,8,0,0.17,0.17,0,0.17,0.05,0.05,0.1,0.05,0.1,Matches,a816dbfb
116,Arnaut Danjuma,nl NED,FWMF,Tottenham,26-082,1997,3,0,58,0.6,1,0,1,1,0,0,0,0,0.2,0.2,0,0.3,4,0,11,1.55,0,1.55,1.55,1.55,0.35,0.06,0.41,0.35,0.41,Matches,f08490a6
117,Josh Dasilva,eng ENG,MF,Brentford,24-182,1998,31,14,1302,14.5,3,2,5,3,0,0,1,0,1.4,1.4,1.4,2.8,53,56,55,0.21,0.14,0.35,0.21,0.35,0.1,0.1,0.19,0.1,0.19,Matches,60344e4f
118,Ben Davies,wls WAL,DF,Tottenham,29-364,1993,25,21,1831,20.3,2,2,4,2,0,0,3,0,1,1,2.3,3.3,30,96,54,0.1,0.1,0.2,0.1,0.2,0.05,0.11,0.16,0.05,0.16,Matches,44781702
119,Tom Davies,eng ENG,MF,Everton,24-297,1998,19,4,538,6,0,0,0,0,0,0,3,0,1.2,1.2,0.2,1.3,2,30,13,0,0,0,0,0,0.19,0.03,0.22,0.19,0.22,Matches,9228b07c
120,Craig Dawson,eng ENG,DF,West Ham,32-352,1990,8,8,720,8,0,0,0,0,0,0,2,0,0.5,0.5,0.1,0.6,0,18,1,0,0,0,0,0,0.06,0.01,0.07,0.06,0.07,Matches,3e9e06cb
121,Craig Dawson,eng ENG,DF,Wolves,32-352,1990,12,12,1009,11.2,1,0,1,1,0,0,2,0,0.8,0.8,0,0.8,4,31,1,0.09,0,0.09,0.09,0.09,0.07,0,0.07,0.07,0.07,Matches,3e9e06cb
122,Kevin De Bruyne,be BEL,MF,Manchester City,31-299,1991,28,25,2179,24.2,5,15,20,5,0,0,1,0,5,5,12.6,17.6,95,222,224,0.21,0.62,0.83,0.21,0.83,0.21,0.52,0.73,0.21,0.73,Matches,e46012d4
123,Siriki Dembélé,ci CIV,FWMF,Bournemouth,26-228,1996,6,0,110,1.2,0,0,0,0,0,0,0,0,0.2,0.2,0.3,0.5,5,4,11,0,0,0,0,0,0.15,0.25,0.41,0.15,0.41,Matches,11f54bd5
124,Leander Dendoncker,be BEL,MF,Aston Villa,28-008,1995,17,5,540,6,0,0,0,0,0,0,0,0,0.1,0.1,0.5,0.5,1,13,1,0,0,0,0,0,0.01,0.08,0.09,0.01,0.09,Matches,5a7301ae
125,Leander Dendoncker,be BEL,MF,Wolves,28-008,1995,4,2,214,2.4,0,0,0,0,0,0,0,0,0.7,0.7,0,0.7,1,6,3,0,0,0,0,0,0.27,0.02,0.29,0.27,0.29,Matches,5a7301ae
126,Emmanuel Dennis,ng NGA,FWMF,Nott'ham Forest,25-159,1997,18,6,701,7.8,2,2,4,2,0,0,3,0,1.8,1.8,0.6,2.4,23,16,61,0.26,0.26,0.51,0.26,0.51,0.23,0.07,0.31,0.23,0.31,Matches,2c44a35d
127,Halil Dervişoğlu,tr TUR,MF,Brentford,23-136,1999,1,0,8,0.1,0,0,0,0,0,0,0,0,0,0,0,0,0,0,0,0,0,0,0,0,0.31,0,0.31,0.31,0.31,Matches,9d8cf204
128,Kiernan Dewsbury-Hall,eng ENG,MF,Leicester City,24-229,1998,29,27,2221,24.7,2,2,4,2,0,0,5,1,2.3,2.3,3.1,5.5,64,125,88,0.08,0.08,0.16,0.08,0.16,0.09,0.13,0.22,0.09,0.22,Matches,5c74c0f5
129,Ibrahima Diallo,fr FRA,MF,Southampton,24-046,1999,18,11,819,9.1,0,0,0,0,0,0,4,0,0.2,0.2,0.1,0.3,9,28,6,0,0,0,0,0,0.02,0.01,0.04,0.02,0.04,Matches,11ff3d56
130,Rúben Dias,pt POR,DF,Manchester City,25-344,1997,22,18,1639,18.2,0,0,0,0,0,0,2,0,1.3,1.3,0.1,1.5,9,82,1,0,0,0,0,0,0.07,0.01,0.08,0.07,0.08,Matches,31c69ef1
131,Luis Díaz,co COL,FW,Liverpool,26-100,1997,10,7,633,7,3,2,5,3,0,0,2,0,1.7,1.7,1.1,2.8,22,29,74,0.43,0.28,0.71,0.43,0.71,0.25,0.15,0.4,0.25,0.4,Matches,4a1a9578
132,Eric Dier,eng ENG,DF,Tottenham,29-098,1994,29,28,2545,28.3,2,1,3,2,0,0,3,0,1.2,1.2,1.2,2.4,8,80,13,0.07,0.04,0.11,0.07,0.11,0.04,0.04,0.08,0.04,0.08,Matches,ac861941
133,Lucas Digne,fr FRA,DF,Aston Villa,29-277,1993,23,16,1324,14.7,1,0,1,1,0,0,4,0,0.3,0.3,1.8,2.1,24,51,83,0.07,0,0.07,0.07,0.07,0.02,0.12,0.15,0.02,0.15,Matches,1b84dbe1
134,Issa Diop,fr FRA,DF,Fulham,26-104,1997,19,16,1506,16.7,1,0,1,1,0,0,2,0,0.3,0.3,0,0.3,10,57,3,0.06,0,0.06,0.06,0.06,0.02,0,0.02,0.02,0.02,Matches,a712ca2b
135,Moussa Djenepo,ml MLI,DFFW,Southampton,24-312,1998,14,6,629,7,0,2,2,0,0,0,0,0,0.2,0.2,0.5,0.7,25,17,36,0,0.29,0.29,0,0.29,0.02,0.07,0.09,0.02,0.09,Matches,254147d4
136,Ben Doak,sct SCO,FW,Liverpool,17-163,2005,2,0,26,0.3,0,0,0,0,0,0,0,0,0,0,0,0,1,1,4,0,0,0,0,0,0,0,0,0,0,Matches,733f1a7d
137,Matt Doherty,ie IRL,DFMF,Tottenham,31-097,1992,12,7,667,7.4,1,0,1,1,0,0,0,0,0.8,0.8,0.3,1,16,20,57,0.13,0,0.13,0.13,0.13,0.1,0.04,0.14,0.1,0.14,Matches,d557d734
138,Gabriel Dos Santos,br BRA,DF,Arsenal,25-125,1997,32,32,2875,31.9,3,0,3,3,0,0,4,0,4.5,4.5,0.2,4.7,16,141,14,0.09,0,0.09,0.09,0.09,0.14,0.01,0.15,0.14,0.15,Matches,67ac5bb8
139,Abdoulaye Doucouré,ml MLI,MF,Everton,30-112,1993,19,11,993,11,2,2,4,2,0,0,5,1,1.5,1.5,1.3,2.8,16,31,36,0.18,0.18,0.36,0.18,0.36,0.14,0.12,0.25,0.14,0.25,Matches,02b29014
140,Cheick Doucouré,ml MLI,MF,Crystal Palace,23-105,2000,29,29,2353,26.1,0,3,3,0,0,0,10,1,1.2,1.2,1.8,3,13,117,13,0,0.11,0.11,0,0.11,0.04,0.07,0.11,0.04,0.11,Matches,ce4f40c7
141,Flynn Downes,eng ENG,MF,West Ham,24-093,1999,16,4,482,5.4,0,0,0,0,0,0,1,0,0.3,0.3,0,0.4,2,13,8,0,0,0,0,0,0.07,0.01,0.07,0.07,0.07,Matches,69fdb896
142,Cody Drameh,eng ENG,DF,Leeds United,21-136,2001,1,1,69,0.8,0,0,0,0,0,0,0,0,0,0,0,0,0,2,3,0,0,0,0,0,0,0,0,0,0,Matches,e0d1510a
143,Martin Dúbravka,sk SVK,GK,Newcastle Utd,34-098,1989,1,0,67,0.7,0,0,0,0,0,0,0,0,0,0,0,0,0,0,0,0,0,0,0,0,0,0,0,0,0,Matches,3a949a25
144,Shane Duffy,ie IRL,FWDF,Fulham,31-112,1992,4,0,6,0.1,0,0,0,0,0,0,0,0,0,0,0,0,0,0,0,0,0,0,0,0,0,0,0,0,0,Matches,7314bba4
145,Lewis Dunk,eng ENG,DF,Brighton,31-153,1991,29,29,2609,29,1,0,1,1,0,0,2,0,1.6,1.6,0.7,2.3,13,119,1,0.03,0,0.03,0.03,0.03,0.05,0.02,0.08,0.05,0.08,Matches,282f75f3
146,Jhon Durán,co COL,FW,Aston Villa,19-131,2003,8,0,84,0.9,0,0,0,0,0,0,1,0,0.6,0.6,0,0.6,2,3,10,0,0,0,0,0,0.59,0,0.59,0.59,0.59,Matches,414184f7
147,Malcolm Ebiowei,eng ENG,MFFW,Crystal Palace,19-231,2003,3,0,34,0.4,0,0,0,0,0,0,0,0,0,0,0,0,2,2,9,0,0,0,0,0,0,0,0,0,0,Matches,fa9fa773
148,Ederson,br BRA,GK,Manchester City,29-249,1993,30,30,2700,30,0,1,1,0,0,0,2,0,0,0,0.2,0.2,0,0,0,0,0.03,0.03,0,0.03,0,0.01,0.01,0,0.01,Matches,3bb7b8b4
149,Odsonne Édouard,fr FRA,FW,Crystal Palace,25-097,1998,29,18,1578,17.5,4,2,6,4,0,0,3,0,3.8,3.8,1.1,4.9,25,32,85,0.23,0.11,0.34,0.23,0.34,0.22,0.06,0.28,0.22,0.28,Matches,0562b7f1
150,Samuel Edozie,eng ENG,FWMF,Southampton,20-085,2003,16,5,552,6.1,0,0,0,0,0,0,0,0,0.9,0.9,0.3,1.2,23,12,37,0,0,0,0,0,0.14,0.06,0.2,0.14,0.2,Matches,007414dd
151,Anthony Elanga,se SWE,FW,Manchester Utd,20-361,2002,16,5,426,4.7,0,1,1,0,0,0,0,0,0.7,0.7,0.9,1.6,12,8,28,0,0.21,0.21,0,0.21,0.15,0.19,0.34,0.15,0.34,Matches,2fba6108
152,Harvey Elliott,eng ENG,MFFW,Liverpool,20-019,2003,27,17,1497,16.6,1,2,3,1,0,0,1,0,1.8,1.8,3.2,5,47,116,122,0.06,0.12,0.18,0.06,0.18,0.11,0.19,0.3,0.11,0.3,Matches,c8387671
153,Mohamed Elneny,eg EGY,MF,Arsenal,30-286,1992,5,1,113,1.3,0,0,0,0,0,0,0,0,0,0,0,0,1,2,1,0,0,0,0,0,0,0,0,0,0,Matches,47a34c4f
154,Mohamed Elyounoussi,no NOR,MFFW,Southampton,28-262,1994,28,24,1937,21.5,0,1,1,0,0,0,3,0,2.7,2.7,2,4.7,46,46,91,0,0.05,0.05,0,0.05,0.12,0.09,0.22,0.12,0.22,Matches,68dc0dac
155,Emerson,br BRA,DF,Tottenham,24-099,1999,22,16,1391,15.5,2,1,3,2,0,0,2,1,1.6,1.6,0.6,2.3,42,70,95,0.13,0.06,0.19,0.13,0.19,0.1,0.04,0.15,0.1,0.15,Matches,df8b52a5
156,Christian Eriksen,dk DEN,MF,Manchester Utd,31-068,1992,21,19,1581,17.6,1,7,8,1,0,0,3,0,3.5,3.5,3.1,6.7,17,124,47,0.06,0.4,0.46,0.06,0.46,0.2,0.18,0.38,0.2,0.38,Matches,980522ec
157,Pervis Estupiñán,ec ECU,DF,Brighton,25-092,1998,26,23,1929,21.4,0,3,3,0,0,0,3,0,0.7,0.7,3.6,4.4,66,117,138,0,0.14,0.14,0,0.14,0.03,0.17,0.2,0.03,0.2,Matches,d38fdf53
158,Jonny Evans,nir NIR,DF,Leicester City,35-110,1988,10,9,811,9,0,0,0,0,0,0,0,0,0.2,0.2,0,0.2,6,31,0,0,0,0,0,0,0.02,0,0.02,0.02,0.02,Matches,f8fcd2a5
159,Eberechi Eze,eng ENG,MFFW,Crystal Palace,24-298,1998,32,24,2096,23.3,7,3,10,7,0,0,3,0,4.6,4.6,3.4,8,56,97,90,0.3,0.13,0.43,0.3,0.43,0.2,0.15,0.35,0.2,0.35,Matches,ae4fc6a4
160,Łukasz Fabiański,pl POL,GK,West Ham,38-005,1985,28,28,2391,26.6,0,0,0,0,0,0,0,0,0,0,0,0,0,0,0,0,0,0,0,0,0,0,0,0,0,Matches,9328b835
161,Fabinho,br BRA,MF,Liverpool,29-182,1993,29,24,2085,23.2,0,1,1,0,0,0,9,0,0.6,0.6,1.7,2.3,9,116,29,0,0.04,0.04,0,0.04,0.03,0.07,0.1,0.03,0.1,Matches,7f3b388c
162,Wout Faes,be BEL,DF,Leicester City,25-020,1998,25,25,2246,25,0,1,1,0,0,0,6,1,0.7,0.7,0.5,1.2,9,62,2,0,0.04,0.04,0,0.04,0.03,0.02,0.05,0.03,0.05,Matches,9c221d14
163,Felipe,br BRA,DF,Nott'ham Forest,33-342,1989,11,10,980,10.9,0,1,1,0,0,0,2,0,0.5,0.5,0.5,1,2,14,2,0,0.09,0.09,0,0.09,0.05,0.04,0.09,0.05,0.09,Matches,51a3c4c8
164,João Félix,pt POR,FWMF,Chelsea,23-164,1999,11,10,791,8.8,2,0,2,2,0,0,0,1,3.6,3.6,0.5,4.1,32,39,71,0.23,0,0.23,0.23,0.23,0.4,0.06,0.47,0.4,0.47,Matches,8aafd64f
165,Evan Ferguson,ie IRL,FW,Brighton,18-186,2004,13,7,601,6.7,4,2,6,4,0,0,1,0,3.5,3.5,0.4,3.9,6,8,39,0.6,0.3,0.9,0.6,0.9,0.52,0.06,0.58,0.52,0.58,Matches,4596da74
166,Bruno Fernandes,pt POR,MFFW,Manchester Utd,28-227,1994,29,29,2608,29,5,6,11,4,1,1,6,0,5.9,5.1,12.3,17.4,65,202,175,0.17,0.21,0.38,0.14,0.35,0.2,0.42,0.63,0.18,0.6,Matches,507c7bdf
167,Enzo Fernández,ar ARG,MF,Chelsea,22-096,2001,11,11,949,10.5,0,2,2,0,0,0,1,0,0.6,0.6,1.4,2,10,107,15,0,0.19,0.19,0,0.19,0.06,0.13,0.19,0.06,0.19,Matches,5ff4ab71
168,Roberto Firmino,br BRA,FWMF,Liverpool,31-203,1991,23,12,1138,12.6,9,4,13,9,0,0,0,0,4.9,4.9,2.3,7.2,13,76,90,0.71,0.32,1.03,0.71,1.03,0.38,0.18,0.57,0.38,0.57,Matches,4c370d81
169,Junior Firpo,es ESP,DF,Leeds United,26-244,1996,15,11,1068,11.9,1,1,2,1,0,0,5,0,0.1,0.1,0.8,0.9,18,46,31,0.08,0.08,0.17,0.08,0.17,0.01,0.07,0.07,0.01,0.07,Matches,24f59bb2
170,Phil Foden,eng ENG,FW,Manchester City,22-330,2000,24,17,1406,15.6,9,5,14,9,0,0,1,0,4.8,4.8,3,7.8,39,62,221,0.58,0.32,0.9,0.58,0.9,0.31,0.19,0.5,0.31,0.5,Matches,ed1e53f3
171,Datro Fofana,ci CIV,FW,Chelsea,20-122,2002,2,1,61,0.7,0,0,0,0,0,0,0,0,0.2,0.2,0.1,0.4,2,1,8,0,0,0,0,0,0.35,0.17,0.53,0.35,0.53,Matches,e82900ef
172,Wesley Fofana,fr FRA,DF,Leicester City,22-127,2000,2,2,180,2,0,0,0,0,0,0,1,0,0.1,0.1,0,0.1,3,6,1,0,0,0,0,0,0.06,0,0.06,0.06,0.06,Matches,132a82f1
173,Wesley Fofana,fr FRA,DF,Chelsea,22-127,2000,10,8,783,8.7,1,0,1,1,0,0,2,0,0.7,0.7,0,0.7,23,31,10,0.11,0,0.11,0.11,0.11,0.08,0,0.08,0.08,0.08,Matches,132a82f1
174,Pablo Fornals,es ESP,FWMF,West Ham,27-060,1996,25,12,1102,12.2,1,1,2,1,0,0,0,0,1,1,1.5,2.5,23,55,73,0.08,0.08,0.16,0.08,0.16,0.08,0.12,0.2,0.08,0.2,Matches,82927de4
175,Adam Forshaw,eng ENG,MF,Leeds United,31-197,1991,7,2,184,2,0,0,0,0,0,0,0,0,0,0,0.5,0.5,0,9,0,0,0,0,0,0,0,0.22,0.22,0,0.22,Matches,9f1938ab
176,Fraser Forster,eng ENG,GK,Tottenham,35-037,1988,7,7,630,7,0,0,0,0,0,0,0,0,0,0,0,0,0,0,0,0,0,0,0,0,0,0,0,0,0,Matches,c3e39f12
177,Tyrese Francois,au AUS,FW,Fulham,22-281,2000,1,0,1,0,0,0,0,0,0,0,0,0,0,0,0,0,0,0,1,0,0,0,0,0,0,0,0,0,0,Matches,6722d4f0
178,Ryan Fraser,sct SCO,FW,Newcastle Utd,29-058,1994,8,3,313,3.5,0,0,0,0,0,0,1,0,0.3,0.3,0.4,0.7,8,9,23,0,0,0,0,0,0.09,0.11,0.2,0.09,0.2,Matches,d56543a0
179,Fred,br BRA,MF,Manchester Utd,30-049,1993,27,10,1025,11.4,2,1,3,2,0,0,5,0,1.9,1.9,2,3.8,8,57,36,0.18,0.09,0.26,0.18,0.26,0.16,0.17,0.34,0.16,0.34,Matches,b853e0ad
180,Ryan Fredericks,eng ENG,DF,Bournemouth,30-195,1992,12,5,533,5.9,0,0,0,0,0,0,1,0,0,0,0.1,0.1,13,15,28,0,0,0,0,0,0,0.02,0.02,0,0.02,Matches,c067631c
181,Remo Freuler,ch SUI,MF,Nott'ham Forest,31-008,1992,28,24,2161,24,0,0,0,0,0,0,4,0,0.4,0.4,0.8,1.2,7,54,11,0,0,0,0,0,0.02,0.03,0.05,0.02,0.05,Matches,98d2c2c4
182,Cody Gakpo,nl NED,FW,Liverpool,23-351,1999,14,12,980,10.9,5,1,6,5,0,0,0,0,4.1,4.1,1.2,5.3,22,27,76,0.46,0.09,0.55,0.46,0.55,0.38,0.11,0.49,0.38,0.49,Matches,1971591f
183,Conor Gallagher,eng ENG,MFFW,Chelsea,23-076,2000,28,12,1158,12.9,2,1,3,2,0,0,9,1,1.5,1.5,2.2,3.7,31,75,66,0.16,0.08,0.23,0.16,0.23,0.11,0.17,0.28,0.11,0.28,Matches,c2731c10
184,Idrissa Gana Gueye,sn SEN,MF,Everton,33-209,1989,27,26,2094,23.3,0,1,1,0,0,0,5,0,0.3,0.3,1,1.3,24,81,15,0,0.04,0.04,0,0.04,0.01,0.04,0.06,0.01,0.06,Matches,72c812f3
185,Alejandro Garnacho,es ESP,FWMF,Manchester Utd,18-296,2004,15,4,453,5,2,2,4,2,0,0,2,0,1.6,1.6,1,2.6,25,5,68,0.4,0.4,0.79,0.4,0.79,0.32,0.2,0.52,0.32,0.52,Matches,7aa8adfe
186,James Garner,eng ENG,MF,Everton,22-041,2001,10,2,360,4,0,1,1,0,0,0,1,0,0.2,0.2,0.1,0.4,2,15,6,0,0.25,0.25,0,0.25,0.05,0.04,0.09,0.05,0.09,Matches,4e015693
187,David de Gea,es ESP,GK,Manchester Utd,32-167,1990,30,30,2700,30,0,0,0,0,0,0,0,0,0,0,0.1,0.1,0,0,0,0,0,0,0,0,0,0,0,0,0,Matches,7ba6d84e
188,Joe Gelhardt,eng ENG,FW,Leeds United,20-354,2002,15,1,212,2.4,0,2,2,0,0,0,1,0,0.8,0.8,0.5,1.3,2,6,21,0,0.85,0.85,0,0.85,0.36,0.2,0.55,0.36,0.55,Matches,01962d0d
189,Saman Ghoddos,ir IRN,MFDF,Brentford,29-229,1993,12,0,117,1.3,0,0,0,0,0,0,0,0,0,0,0.3,0.4,0,6,4,0,0,0,0,0,0.04,0.26,0.29,0.04,0.29,Matches,f7b1d4e0
190,Morgan Gibbs-White,eng ENG,FWMF,Wolves,23-086,2000,2,2,180,2,0,0,0,0,0,0,1,0,0.7,0.7,0.1,0.8,4,12,12,0,0,0,0,0,0.36,0.04,0.4,0.36,0.4,Matches,32f60ed8
191,Morgan Gibbs-White,eng ENG,MFFW,Nott'ham Forest,23-086,2000,29,28,2433,27,3,6,9,3,0,0,3,0,3.9,3.9,7.2,11.1,59,116,135,0.11,0.22,0.33,0.11,0.33,0.14,0.27,0.41,0.14,0.41,Matches,32f60ed8
192,Billy Gilmour,sct SCO,MF,Brighton,21-316,2001,7,2,163,1.8,0,0,0,0,0,0,1,0,0.2,0.2,0.1,0.3,3,17,3,0,0,0,0,0,0.12,0.05,0.17,0.12,0.17,Matches,df10e27c
193,Degnand Gnonto,it ITA,FWMF,Leeds United,19-169,2003,19,12,1120,12.4,2,3,5,2,0,0,5,0,1.4,1.4,1.5,3,59,30,121,0.16,0.24,0.4,0.16,0.4,0.12,0.12,0.24,0.12,0.24,Matches,75fdd638
194,Ben Godfrey,eng ENG,DF,Everton,25-098,1998,12,9,713,7.9,0,1,1,0,0,0,2,0,1.2,1.2,0.2,1.4,7,14,6,0,0.13,0.13,0,0.13,0.16,0.02,0.18,0.16,0.18,Matches,9f7c837d
195,João Gomes,br BRA,MF,Wolves,22-070,2001,7,4,411,4.6,1,0,1,1,0,0,4,0,0.2,0.2,0.1,0.4,6,13,8,0.22,0,0.22,0.22,0.22,0.05,0.03,0.08,0.05,0.08,Matches,8b57ad2c
196,Toti Gomes,pt POR,DF,Wolves,24-097,1999,11,7,663,7.4,0,0,0,0,0,0,4,0,0.1,0.1,0.2,0.3,2,20,15,0,0,0,0,0,0.02,0.02,0.04,0.02,0.04,Matches,f0caab96
197,Joe Gomez,eng ENG,DF,Liverpool,25-335,1997,20,14,1376,15.3,0,0,0,0,0,0,3,0,0.2,0.2,0.2,0.3,15,103,4,0,0,0,0,0,0.01,0.01,0.02,0.01,0.02,Matches,7a11550b
198,Sergio Gómez,es ESP,DFMF,Manchester City,22-231,2000,8,0,174,1.9,0,1,1,0,0,0,0,0,0.3,0.3,0.4,0.7,3,10,15,0,0.52,0.52,0,0.52,0.13,0.21,0.34,0.13,0.34,Matches,01e5f06e
199,Anthony Gordon,eng ENG,FWMF,Newcastle Utd,22-058,2001,8,2,314,3.5,0,0,0,0,0,0,1,0,0.4,0.4,0.8,1.1,10,10,24,0,0,0,0,0,0.1,0.22,0.32,0.1,0.32,Matches,2bd83368
200,Anthony Gordon,eng ENG,FW,Everton,22-058,2001,16,12,1095,12.2,3,0,3,3,0,0,6,0,3.3,3.3,0.6,3.9,28,19,67,0.25,0,0.25,0.25,0.25,0.27,0.05,0.32,0.27,0.32,Matches,2bd83368
201,Demarai Gray,eng ENG,FWMF,Everton,26-299,1996,30,26,2359,26.2,4,1,5,2,2,2,3,0,5.6,4,3.7,7.7,87,45,185,0.15,0.04,0.19,0.08,0.11,0.21,0.14,0.36,0.15,0.3,Matches,4468ec10
202,Jack Grealish,eng ENG,FWMF,Manchester City,27-225,1995,24,20,1776,19.7,5,6,11,5,0,0,2,0,4.2,4.2,5.8,9.9,127,83,265,0.25,0.3,0.56,0.25,0.56,0.21,0.29,0.5,0.21,0.5,Matches,b0b4fd3e
203,Sam Greenwood,eng ENG,MFFW,Leeds United,21-087,2002,15,2,339,3.8,1,2,3,1,0,0,1,0,0.6,0.6,1.1,1.7,7,13,7,0.27,0.53,0.8,0.27,0.8,0.17,0.3,0.46,0.17,0.46,Matches,f3354c07
204,Pascal Groß,de GER,MFDF,Brighton,31-312,1991,29,29,2541,28.2,6,6,12,6,0,0,3,0,4.4,4.4,8.8,13.2,47,204,168,0.21,0.21,0.43,0.21,0.43,0.15,0.31,0.47,0.15,0.47,Matches,8aec0537
205,Vicente Guaita,es ESP,GK,Crystal Palace,36-103,1987,27,27,2430,27,0,0,0,0,0,0,1,0,0,0,0,0,0,1,0,0,0,0,0,0,0,0,0,0,0,Matches,ab13a5aa
206,Gonçalo Guedes,pt POR,FWMF,Wolves,26-145,1996,13,8,707,7.9,1,1,2,1,0,0,1,0,1.2,1.2,0.5,1.7,20,16,54,0.13,0.13,0.25,0.13,0.25,0.15,0.06,0.22,0.15,0.22,Matches,e6bc67d7
207,Marc Guéhi,eng ENG,DF,Crystal Palace,22-284,2000,31,31,2789,31,1,0,1,1,0,0,8,0,0.9,0.9,0.3,1.2,12,89,2,0.03,0,0.03,0.03,0.03,0.03,0.01,0.04,0.03,0.04,Matches,d0706b27
208,Bruno Guimarães,br BRA,MF,Newcastle Utd,25-158,1997,24,24,2027,22.5,3,4,7,3,0,0,4,0,1.6,1.6,2.9,4.4,27,148,27,0.13,0.18,0.31,0.13,0.31,0.07,0.13,0.2,0.07,0.2,Matches,82518f62
209,İlkay Gündoğan,de GER,MF,Manchester City,32-181,1990,26,22,1936,21.5,4,3,7,4,0,0,0,0,5.8,5.8,2.8,8.6,44,138,117,0.19,0.14,0.33,0.19,0.33,0.27,0.13,0.4,0.27,0.4,Matches,819b3158
210,Darko Gyabi,eng ENG,FW,Leeds United,19-064,2004,1,0,8,0.1,0,0,0,0,0,0,0,0,0.1,0.1,0,0.1,0,2,0,0,0,0,0,0,0.72,0,0.72,0.72,0.72,Matches,56d838f7
211,Erling Haaland,no NOR,FW,Manchester City,22-276,2000,28,27,2225,24.7,32,5,37,26,6,6,5,0,22.4,17.9,3.9,21.8,23,42,121,1.29,0.2,1.5,1.05,1.25,0.91,0.16,1.06,0.72,0.88,Matches,1f44ac21
212,Lewis Hall,eng ENG,DFMF,Chelsea,18-227,2004,5,4,304,3.4,0,0,0,0,0,0,1,0,0.5,0.5,0.3,0.7,10,9,19,0,0,0,0,0,0.14,0.08,0.22,0.14,0.22,Matches,da011f18
213,Luke Harris,wls WAL,MFFW,Fulham,18-020,2005,3,0,13,0.1,0,0,0,0,0,0,0,0,0,0,0,0,0,1,0,0,0,0,0,0,0,0,0,0,0,Matches,8c3078cd
214,Jack Harrison,eng ENG,FWMF,Leeds United,26-154,1996,30,28,2252,25,4,6,10,4,0,0,2,0,4.3,4.3,3.8,8.1,88,83,216,0.16,0.24,0.4,0.16,0.4,0.17,0.15,0.32,0.17,0.32,Matches,aa849a12
215,Kai Havertz,de GER,FWMF,Chelsea,23-316,1999,29,26,2218,24.6,7,1,8,6,1,1,4,0,10.4,9.6,3.4,13,50,73,190,0.28,0.04,0.32,0.24,0.28,0.42,0.14,0.56,0.39,0.53,Matches,fed7cb61
216,Jan Paul van Hecke,nl NED,DF,Brighton,22-319,2000,4,1,87,1,0,0,0,0,0,0,0,0,0.6,0.6,0,0.6,3,10,0,0,0,0,0,0,0.61,0,0.61,0.61,0.61,Matches,4fd08daa
217,Hwang Hee-chan,kr KOR,FWMF,Wolves,27-087,1996,21,9,800,8.9,2,1,3,2,0,0,1,0,1.5,1.5,1,2.6,18,22,42,0.23,0.11,0.34,0.23,0.34,0.17,0.12,0.29,0.17,0.29,Matches,169fd162
218,Dean Henderson,eng ENG,GK,Nott'ham Forest,26-042,1997,18,18,1620,18,0,0,0,0,0,0,2,0,0,0,0,0,0,0,0,0,0,0,0,0,0,0,0,0,0,Matches,e5a76dfe
219,Jordan Henderson,eng ENG,MF,Liverpool,32-310,1990,28,19,1702,18.9,0,2,2,0,0,0,2,0,1.2,1.2,1.9,3.1,26,154,58,0,0.11,0.11,0,0.11,0.06,0.1,0.16,0.06,0.16,Matches,935e6b8f
220,Wayne Hennessey,wls WAL,GK,Nott'ham Forest,36-089,1987,2,2,180,2,0,0,0,0,0,0,0,0,0,0,0,0,0,0,0,0,0,0,0,0,0,0,0,0,0,Matches,76eca7e2
221,Rico Henry,eng ENG,DF,Brentford,25-289,1997,31,31,2749,30.5,0,2,2,0,0,0,0,0,1.5,1.5,2.4,3.9,39,90,97,0,0.07,0.07,0,0.07,0.05,0.08,0.13,0.05,0.13,Matches,8a3c1dc7
222,Son Heung-min,kr KOR,MFFW,Tottenham,30-289,1992,29,26,2287,25.4,8,4,12,8,0,0,1,0,7.2,7.2,5.2,12.4,70,66,161,0.31,0.16,0.47,0.31,0.47,0.28,0.2,0.49,0.28,0.49,Matches,92e7e919
223,Aaron Hickey,sct SCO,DF,Brentford,20-317,2002,20,18,1497,16.6,0,0,0,0,0,0,6,0,0.3,0.3,0.2,0.5,30,63,36,0,0,0,0,0,0.02,0.01,0.03,0.02,0.03,Matches,1780bb4a
224,Joseph Hodge,ie IRL,MF,Wolves,20-221,2002,5,1,169,1.9,0,0,0,0,0,0,1,0,0.1,0.1,0.1,0.2,1,7,4,0,0,0,0,0,0.06,0.03,0.09,0.06,0.09,Matches,bd8a5d95
225,Rob Holding,eng ENG,DF,Arsenal,27-215,1995,12,5,470,5.2,0,0,0,0,0,0,0,0,0.2,0.2,0,0.2,3,22,2,0,0,0,0,0,0.03,0,0.03,0.03,0.03,Matches,d79a8c87
226,Mason Holgate,eng ENG,DF,Everton,26-183,1996,6,4,444,4.9,0,0,0,0,0,0,3,1,0.3,0.3,0.3,0.6,4,12,4,0,0,0,0,0,0.06,0.07,0.13,0.06,0.13,Matches,d0042ab9
227,Will Hughes,eng ENG,MF,Crystal Palace,28-006,1995,22,3,482,5.4,0,1,1,0,0,0,4,0,0.2,0.2,0.7,0.9,8,20,14,0,0.19,0.19,0,0.19,0.03,0.13,0.16,0.03,0.16,Matches,a0666d3e
228,Omari Hutchinson,eng ENG,FW,Chelsea,19-175,2003,1,0,23,0.3,0,0,0,0,0,0,0,0,0,0,0,0,1,0,1,0,0,0,0,0,0,0,0,0,0,Matches,bd9553e6
229,Pierre Højbjerg,dk DEN,MF,Tottenham,27-261,1995,30,30,2681,29.8,4,4,8,4,0,0,4,0,1.7,1.7,2.6,4.3,38,215,62,0.13,0.13,0.27,0.13,0.27,0.06,0.09,0.15,0.06,0.15,Matches,8b04d6c1
230,Kelechi Iheanacho,ng NGA,FWMF,Leicester City,26-202,1996,25,8,925,10.3,5,4,9,4,1,1,0,0,6.6,5.8,3,8.8,29,23,83,0.49,0.39,0.88,0.39,0.78,0.64,0.29,0.93,0.56,0.85,Matches,c92e1a31
231,Danny Ings,eng ENG,FW,West Ham,30-274,1992,10,5,482,5.4,2,0,2,2,0,0,0,0,2.2,2.2,0.2,2.4,6,6,21,0.37,0,0.37,0.37,0.37,0.41,0.04,0.45,0.41,0.45,Matches,07802f7f
232,Danny Ings,eng ENG,FW,Aston Villa,30-274,1992,18,8,824,9.2,6,0,6,4,2,2,3,0,5.3,3.8,1.2,5,15,12,46,0.66,0,0.66,0.44,0.44,0.59,0.13,0.71,0.41,0.54,Matches,07802f7f
233,Alexander Isak,se SWE,FW,Newcastle Utd,23-214,1999,14,10,905,10.1,8,0,8,6,2,2,2,0,6.4,4.9,0.9,5.8,17,18,69,0.8,0,0.8,0.6,0.6,0.64,0.09,0.73,0.49,0.58,Matches,8e92be30
234,Daniel Iversen,dk DEN,GK,Leicester City,25-278,1997,6,6,540,6,0,0,0,0,0,0,0,0,0,0,0,0,0,0,0,0,0,0,0,0,0,0,0,0,0,Matches,10d221cd
235,Alex Iwobi,ng NGA,MFFW,Everton,26-355,1996,32,32,2838,31.5,1,6,7,1,0,0,2,0,2,2,4.5,6.5,65,165,117,0.03,0.19,0.22,0.03,0.22,0.06,0.14,0.21,0.06,0.21,Matches,6ca5ec4b
236,Daniel James,wls WAL,FW,Leeds United,25-164,1997,4,2,198,2.2,0,0,0,0,0,0,0,0,0.3,0.3,0.3,0.6,6,3,9,0,0,0,0,0,0.12,0.15,0.27,0.12,0.27,Matches,c931d9f9
237,Daniel James,wls WAL,FW,Fulham,25-164,1997,16,4,493,5.5,2,1,3,2,0,0,0,0,1.7,1.7,0.6,2.3,18,14,38,0.37,0.18,0.55,0.37,0.55,0.31,0.12,0.43,0.31,0.43,Matches,c931d9f9
238,Reece James,eng ENG,DFMF,Chelsea,23-136,1999,16,14,1244,13.8,1,1,2,1,0,0,4,0,1,1,3,4,52,90,115,0.07,0.07,0.14,0.07,0.14,0.07,0.22,0.29,0.07,0.29,Matches,1265a93a
239,Vitaly Janelt,de GER,MFDF,Brentford,24-348,1998,29,18,1698,18.9,3,1,4,3,0,0,2,0,2.2,2.2,1.1,3.3,12,65,24,0.16,0.05,0.21,0.16,0.21,0.11,0.06,0.17,0.11,0.17,Matches,8449d35e
240,Pontus Jansson,se SWE,DF,Brentford,32-069,1991,12,9,724,8,1,0,1,1,0,0,0,0,0.3,0.3,0,0.3,1,14,0,0.12,0,0.12,0.12,0.12,0.04,0,0.04,0.04,0.04,Matches,172e52d8
241,Mathias Jensen,dk DEN,MF,Brentford,27-112,1996,32,32,2451,27.2,5,5,10,5,0,0,4,0,2.1,2.1,3.5,5.6,21,116,70,0.18,0.18,0.37,0.18,0.37,0.08,0.13,0.21,0.08,0.21,Matches,0f134faf
242,Gabriel Jesus,br BRA,FW,Arsenal,26-020,1997,20,18,1553,17.3,9,5,14,8,1,1,5,0,12.9,12.1,3,15.1,34,48,149,0.52,0.29,0.81,0.46,0.75,0.75,0.17,0.92,0.7,0.87,Matches,b66315ae
243,Raúl Jiménez,mx MEX,FW,Wolves,31-353,1991,13,7,743,8.3,0,1,1,0,0,0,0,0,2.6,2.6,1.7,4.3,5,13,44,0,0.12,0.12,0,0.12,0.31,0.21,0.52,0.31,0.52,Matches,b561db50
244,Joelinton,br BRA,MFFW,Newcastle Utd,26-252,1996,26,24,2132,23.7,4,1,5,4,0,0,11,0,5.1,5.1,1.9,7,47,101,122,0.17,0.04,0.21,0.17,0.21,0.22,0.08,0.3,0.22,0.3,Matches,c17bfb65
245,Ben Johnson,eng ENG,DF,West Ham,23-089,2000,13,8,744,8.3,0,0,0,0,0,0,0,0,0,0,0.2,0.3,12,36,17,0,0,0,0,0,0,0.03,0.03,0,0.03,Matches,9319781b
246,Brennan Johnson,wls WAL,FWMF,Nott'ham Forest,21-335,2001,32,29,2592,28.8,8,2,10,7,1,2,6,0,7.6,6,2.9,9,80,30,145,0.28,0.07,0.35,0.24,0.31,0.26,0.1,0.37,0.21,0.31,Matches,0cd31129
247,Sam Johnstone,eng ENG,GK,Crystal Palace,30-029,1993,3,3,270,3,0,0,0,0,0,0,0,0,0,0,0,0,0,0,0,0,0,0,0,0,0,0,0,0,0,Matches,9e5708be
248,Curtis Jones,eng ENG,MF,Liverpool,22-083,2001,11,5,502,5.6,0,1,1,0,0,0,2,0,0.2,0.2,0.8,1,14,34,32,0,0.18,0.18,0,0.18,0.04,0.14,0.18,0.04,0.18,Matches,4fb9c88f
249,Jorginho,it ITA,MF,Arsenal,31-124,1991,8,4,410,4.6,0,0,0,0,0,0,0,0,0.1,0.1,0.1,0.3,8,58,7,0,0,0,0,0,0.03,0.03,0.06,0.03,0.06,Matches,45db685d
250,Jorginho,it ITA,MF,Chelsea,31-124,1991,18,15,1279,14.2,2,0,2,0,2,2,4,0,1.7,0.1,0.4,0.5,13,80,10,0.14,0,0.14,0,0,0.12,0.03,0.14,0.01,0.03,Matches,45db685d
251,Mateo Joseph,eng ENG,FWMF,Leeds United,19-186,2003,3,0,26,0.3,0,0,0,0,0,0,0,0,0.1,0.1,0,0.1,0,0,2,0,0,0,0,0,0.4,0,0.4,0.4,0.4,Matches,6ad43f9a
252,Diogo Jota,pt POR,FWMF,Liverpool,26-140,1996,15,9,830,9.2,4,4,8,4,0,0,1,0,4.3,4.3,2,6.3,24,24,72,0.43,0.43,0.87,0.43,0.87,0.46,0.22,0.68,0.46,0.68,Matches,178ae8f8
253,Hamed Junior Traorè,ci CIV,FWMF,Bournemouth,23-066,2000,7,5,427,4.7,0,0,0,0,0,0,0,0,0.9,0.9,1.1,2.1,19,26,21,0,0,0,0,0,0.19,0.24,0.43,0.19,0.43,Matches,570bb4b9
254,James Justin,eng ENG,DF,Leicester City,25-059,1998,14,14,1252,13.9,0,0,0,0,0,0,0,0,0.3,0.3,0.3,0.6,20,47,50,0,0,0,0,0,0.02,0.02,0.05,0.02,0.05,Matches,fb614c44
255,Mathias Jørgensen,dk DEN,DF,Brentford,33-000,1990,14,8,820,9.1,0,0,0,0,0,0,1,0,0.5,0.5,0.1,0.5,1,26,1,0,0,0,0,0,0.05,0.01,0.06,0.05,0.06,Matches,0db5d2c8
256,Sasa Kalajdzic,at AUT,FW,Wolves,25-290,1997,1,1,45,0.5,0,0,0,0,0,0,0,0,0.3,0.3,0,0.3,0,0,1,0,0,0,0,0,0.53,0,0.53,0.53,0.53,Matches,15f24fe7
257,Boubacar Kamara,fr FRA,MF,Aston Villa,23-151,1999,20,19,1569,17.4,0,1,1,0,0,0,4,0,0.2,0.2,0.8,1,14,80,8,0,0.06,0.06,0,0.06,0.01,0.05,0.06,0.01,0.06,Matches,cc77354e
258,Harry Kane,eng ENG,FW,Tottenham,29-269,1993,31,31,2775,30.8,23,2,25,19,4,5,5,0,18,14.1,4.8,18.8,50,144,170,0.75,0.06,0.81,0.62,0.68,0.58,0.16,0.74,0.46,0.61,Matches,21a66f6a
259,N'Golo Kanté,fr FRA,MF,Chelsea,32-025,1991,4,3,276,3.1,0,0,0,0,0,0,0,0,0.2,0.2,1.2,1.4,12,19,13,0,0,0,0,0,0.07,0.39,0.46,0.07,0.46,Matches,b9fbae28
260,Michael Keane,eng ENG,DF,Everton,30-102,1993,9,8,743,8.3,1,1,2,1,0,0,0,0,0.9,0.9,0.3,1.2,1,17,1,0.12,0.12,0.24,0.12,0.24,0.11,0.03,0.15,0.11,0.15,Matches,c5b7c315
261,Neeskens Kebano,cd COD,FW,Fulham,31-044,1992,13,9,714,7.9,0,3,3,0,0,0,0,0,0.5,0.5,1.4,1.8,37,21,63,0,0.38,0.38,0,0.38,0.06,0.17,0.23,0.06,0.23,Matches,18b999f4
262,Thilo Kehrer,de GER,DF,West Ham,26-214,1996,22,22,1907,21.2,0,2,2,0,0,0,4,0,0.4,0.4,0.5,1,15,51,28,0,0.09,0.09,0,0.09,0.02,0.03,0.05,0.02,0.05,Matches,51dbeea9
263,Naby Keïta,gn GUI,MF,Liverpool,28-072,1995,8,3,293,3.3,0,0,0,0,0,0,1,0,0.6,0.6,0.7,1.4,5,15,21,0,0,0,0,0,0.2,0.22,0.41,0.2,0.41,Matches,f25c8e3a
264,Lloyd Kelly,eng ENG,DF,Bournemouth,24-199,1998,16,16,1440,16,0,2,2,0,0,0,3,0,0.2,0.2,0.2,0.4,7,30,1,0,0.12,0.12,0,0.12,0.01,0.01,0.03,0.01,0.03,Matches,f31def1e
265,Max Kilman,eng ENG,DF,Wolves,25-335,1997,32,32,2880,32,0,0,0,0,0,0,3,0,1.1,1.1,0.1,1.2,27,116,4,0,0,0,0,0,0.04,0,0.04,0.04,0.04,Matches,d0f72bf1
266,Jakub Kiwior,pl POL,DF,Arsenal,23-067,2000,2,0,16,0.2,0,0,0,0,0,0,0,0,0,0,0,0,0,0,0,0,0,0,0,0,0,0,0,0,0,Matches,dc3e663e
267,Mateusz Klich,pl POL,MFFW,Leeds United,32-314,1990,14,0,280,3.1,0,0,0,0,0,0,2,0,0.2,0.2,0.2,0.4,5,16,21,0,0,0,0,0,0.05,0.06,0.12,0.05,0.12,Matches,282679b4
268,Robin Koch,de GER,DF,Leeds United,26-280,1996,31,31,2725,30.3,0,0,0,0,0,0,6,0,0.9,0.9,0.1,1.1,10,94,5,0,0,0,0,0,0.03,0,0.04,0.03,0.04,Matches,ea6bc03a
269,Ibrahima Konaté,fr FRA,DF,Liverpool,23-333,1999,13,12,1102,12.2,0,0,0,0,0,0,1,0,1.1,1.1,0.1,1.2,7,42,4,0,0,0,0,0,0.09,0.01,0.1,0.09,0.1,Matches,5ed9b537
270,Ezri Konsa,eng ENG,DF,Aston Villa,25-182,1997,32,31,2782,30.9,0,0,0,0,0,0,5,0,0.8,0.8,1.3,2.1,7,45,10,0,0,0,0,0,0.03,0.04,0.07,0.03,0.07,Matches,0313a347
271,Kalidou Koulibaly,sn SEN,DF,Chelsea,31-307,1991,22,20,1790,19.9,2,1,3,2,0,0,7,1,0.9,0.9,0.4,1.4,10,81,4,0.1,0.05,0.15,0.1,0.15,0.05,0.02,0.07,0.05,0.07,Matches,da974c7b
272,Cheikhou Kouyaté,sn SEN,MF,Nott'ham Forest,33-123,1989,15,10,767,8.5,1,0,1,1,0,0,3,0,0.4,0.4,0.7,1,6,17,12,0.12,0,0.12,0.12,0.12,0.04,0.08,0.12,0.04,0.12,Matches,8d3c902d
273,Mateo Kovačić,hr CRO,MF,Chelsea,28-352,1994,23,14,1462,16.2,1,1,2,1,0,0,7,0,1.8,1.8,1.8,3.6,31,137,26,0.06,0.06,0.12,0.06,0.12,0.11,0.11,0.22,0.11,0.22,Matches,79c0821a
274,Emil Krafth,se SWE,DF,Newcastle Utd,28-264,1994,1,0,1,0,0,0,0,0,0,0,0,0,0,0,0,0,0,0,0,0,0,0,0,0,0,0,0,0,0,Matches,77cf6852
275,Dejan Kulusevski,se SWE,MFFW,Tottenham,22-363,2000,23,19,1720,19.1,2,6,8,2,0,0,1,0,2,2,4,6.1,75,55,172,0.1,0.31,0.42,0.1,0.42,0.11,0.21,0.32,0.11,0.32,Matches,df3cda47
276,Layvin Kurzawa,fr FRA,DF,Fulham,30-231,1992,3,2,135,1.5,0,0,0,0,0,0,1,0,0,0,0,0,1,2,2,0,0,0,0,0,0,0,0,0,0,Matches,41e7ef1c
277,Adam Lallana,eng ENG,MFFW,Brighton,34-348,1988,16,12,722,8,2,1,3,2,0,0,0,0,0.9,0.9,1,1.9,10,33,43,0.25,0.12,0.37,0.25,0.37,0.11,0.12,0.23,0.11,0.23,Matches,99813635
278,Tariq Lamptey,gh GHA,DF,Brighton,22-205,2000,20,3,453,5,0,0,0,0,0,0,1,0,0.2,0.2,0.2,0.4,28,26,58,0,0,0,0,0,0.04,0.04,0.08,0.04,0.08,Matches,f4e433d4
279,Manuel Lanzini,ar ARG,MFFW,West Ham,30-067,1993,7,1,150,1.7,0,0,0,0,0,0,0,0,0.1,0.1,0,0.1,2,14,4,0,0,0,0,0,0.03,0,0.03,0.03,0.03,Matches,26f6dca8
280,Aymeric Laporte,es ESP,DF,Manchester City,28-331,1994,8,7,646,7.2,0,0,0,0,0,0,0,0,0.4,0.4,0.2,0.6,21,59,10,0,0,0,0,0,0.05,0.03,0.08,0.05,0.08,Matches,119b9a8e
281,Juan Larios,es ESP,DF,Southampton,19-101,2004,5,2,152,1.7,0,0,0,0,0,0,0,0,0,0,0,0,10,4,1,0,0,0,0,0,0,0,0,0,0,Matches,cf7fb13a
282,Jamaal Lascelles,eng ENG,DF,Newcastle Utd,29-163,1993,6,2,201,2.2,0,0,0,0,0,0,4,0,0.1,0.1,0,0.1,0,3,0,0,0,0,0,0,0.03,0,0.03,0.03,0.03,Matches,450ab6fc
283,Roméo Lavia,be BEL,MF,Southampton,19-107,2004,23,20,1716,19.1,1,0,1,1,0,0,7,0,0.3,0.3,0.5,0.8,17,84,12,0.05,0,0.05,0.05,0.05,0.02,0.02,0.04,0.02,0.04,Matches,ecad9aa5
284,Dexter Lembikisa,jm JAM,DF,Wolves,19-170,2003,1,0,23,0.3,0,0,0,0,0,0,0,0,0,0,0,0,2,3,3,0,0,0,0,0,0,0,0,0,0,Matches,0bdda685
285,Mario Lemina,ga GAB,MF,Wolves,29-234,1993,13,12,848,9.4,0,1,1,0,0,0,4,1,0.2,0.2,0.3,0.6,4,32,7,0,0.11,0.11,0,0.11,0.03,0.03,0.06,0.03,0.06,Matches,2b471f99
286,Clément Lenglet,fr FRA,DF,Tottenham,27-310,1995,21,19,1572,17.5,0,2,2,0,0,0,3,0,0.8,0.8,0.6,1.5,23,67,7,0,0.11,0.11,0,0.11,0.05,0.04,0.08,0.05,0.08,Matches,4f28a6ff
287,Bernd Leno,de GER,GK,Fulham,31-050,1992,29,29,2610,29,0,0,0,0,0,0,3,0,0,0,0,0,0,0,0,0,0,0,0,0,0,0,0,0,0,Matches,2628fd2b
288,Jefferson Lerma,co COL,MF,Bournemouth,28-180,1994,30,30,2638,29.3,3,0,3,3,0,0,5,0,2.1,2.1,1.7,3.8,16,108,22,0.1,0,0.1,0.1,0.1,0.07,0.06,0.13,0.07,0.13,Matches,9b5ce51a
289,Jamal Lewis,nir NIR,DF,Newcastle Utd,25-088,1998,1,0,8,0.1,0,0,0,0,0,0,0,0,0,0,0,0,0,1,1,0,0,0,0,0,0,0,0,0,0,Matches,efb9215a
290,Rico Lewis,eng ENG,DFMF,Manchester City,18-153,2004,10,6,543,6,0,0,0,0,0,0,1,0,0.1,0.1,0.8,0.9,18,31,14,0,0,0,0,0,0.02,0.14,0.16,0.02,0.16,Matches,b57e066e
291,Keane Lewis-Potter,eng ENG,FWMF,Brentford,22-060,2001,10,3,321,3.6,0,1,1,0,0,0,0,0,0.5,0.5,1.2,1.7,8,6,39,0,0.28,0.28,0,0.28,0.14,0.35,0.49,0.14,0.49,Matches,41f08ac8
292,Victor Lindelöf,se SWE,DF,Manchester Utd,28-280,1994,12,6,645,7.2,0,0,0,0,0,0,0,0,0.1,0.1,0,0.1,2,19,0,0,0,0,0,0,0.01,0,0.01,0.01,0.01,Matches,f5deef4c
293,Jesse Lingard,eng ENG,FWMF,Nott'ham Forest,30-129,1992,17,12,923,10.3,0,0,0,0,0,0,1,0,1,1,0.7,1.7,11,33,38,0,0,0,0,0,0.1,0.07,0.17,0.1,0.17,Matches,810e3c74
294,Diego Llorente,es ESP,DF,Leeds United,29-250,1993,8,7,649,7.2,0,0,0,0,0,0,1,0,0.7,0.7,0,0.7,2,27,1,0,0,0,0,0,0.1,0,0.1,0.1,0.1,Matches,bba30585
295,Hugo Lloris,fr FRA,GK,Tottenham,36-118,1986,24,24,2160,24,0,0,0,0,0,0,0,0,0,0,0,0,0,0,0,0,0,0,0,0,0,0,0,0,0,Matches,8f62b6ee
296,Renan Lodi,br BRA,DF,Nott'ham Forest,25-015,1998,22,20,1729,19.2,0,0,0,0,0,0,5,0,0.8,0.8,0.6,1.4,23,25,58,0,0,0,0,0,0.04,0.03,0.07,0.04,0.07,Matches,ed9f7cfe
297,Ruben Loftus-Cheek,eng ENG,MFDF,Chelsea,27-090,1996,20,17,1314,14.6,0,0,0,0,0,0,1,0,0.8,0.8,1.3,2.2,44,73,78,0,0,0,0,0,0.06,0.09,0.15,0.06,0.15,Matches,e97fd090
298,Sean Longstaff,eng ENG,MF,Newcastle Utd,25-175,1997,30,25,2265,25.2,1,3,4,1,0,0,2,0,3.1,3.1,2.9,6,21,109,97,0.04,0.12,0.16,0.04,0.16,0.12,0.11,0.24,0.12,0.24,Matches,a2b105e0
299,Jamal Lowe,jm JAM,MFFW,Bournemouth,28-276,1994,2,0,12,0.1,0,0,0,0,0,0,0,0,0,0,0,0,0,1,0,0,0,0,0,0,0,0,0,0,0,Matches,b2856bc0
300,Douglas Luiz,br BRA,MF,Aston Villa,24-349,1998,31,27,2396,26.6,4,5,9,4,0,0,5,1,2.3,2.3,3.2,5.5,38,122,28,0.15,0.19,0.34,0.15,0.34,0.09,0.12,0.21,0.09,0.21,Matches,6f7d826d
301,Saša Lukić,rs SRB,MF,Fulham,26-253,1996,7,2,234,2.6,0,0,0,0,0,0,1,0,0.1,0.1,0,0.1,5,9,5,0,0,0,0,0,0.04,0,0.04,0.04,0.04,Matches,c6e8cf1f
302,Lyanco,br BRA,DF,Southampton,26-081,1997,15,7,743,8.3,0,0,0,0,0,0,4,0,0.3,0.3,0.1,0.3,5,21,2,0,0,0,0,0,0.03,0.01,0.04,0.03,0.04,Matches,b5bf1770
303,Alexis Mac Allister,ar ARG,MF,Brighton,24-120,1998,26,25,2246,25,8,1,9,3,5,5,7,0,9.5,5.6,2.8,8.4,48,129,59,0.32,0.04,0.36,0.12,0.16,0.38,0.11,0.49,0.22,0.34,Matches,83d074ff
304,James Maddison,eng ENG,MFFW,Leicester City,26-151,1996,24,23,1985,22.1,9,6,15,9,0,0,8,0,5,5,6.8,11.9,55,123,114,0.41,0.27,0.68,0.41,0.68,0.23,0.31,0.54,0.23,0.54,Matches,ee38d9c5
305,Noni Madueke,eng ENG,FWDF,Chelsea,21-044,2002,5,2,216,2.4,0,0,0,0,0,0,0,0,0.1,0.1,0.3,0.4,10,10,31,0,0,0,0,0,0.06,0.11,0.17,0.06,0.17,Matches,bf34eebd
306,Harry Maguire,eng ENG,DF,Manchester Utd,30-049,1993,13,7,662,7.4,0,0,0,0,0,0,4,0,0.3,0.3,0,0.4,8,24,4,0,0,0,0,0,0.04,0,0.05,0.04,0.05,Matches,d8931174
307,Riyad Mahrez,dz ALG,FWMF,Manchester City,32-061,1991,22,15,1296,14.4,5,5,10,4,1,1,2,0,5.2,4.4,4.9,9.2,57,60,179,0.35,0.35,0.69,0.28,0.62,0.36,0.34,0.7,0.3,0.64,Matches,892d5bb1
308,Kobbie Mainoo,eng ENG,MF,Manchester Utd,18-004,2005,1,0,11,0.1,0,0,0,0,0,0,0,0,0,0,0,0,2,1,1,0,0,0,0,0,0,0,0,0,0,Matches,c6220452
309,Ainsley Maitland-Niles,eng ENG,DFMF,Southampton,25-237,1997,18,11,1160,12.9,0,0,0,0,0,0,3,0,0,0,0.6,0.6,11,45,21,0,0,0,0,0,0,0.05,0.05,0,0.05,Matches,e3a5814e
310,Tyrell Malacia,nl NED,DF,Manchester Utd,23-249,1999,17,11,1064,11.8,0,0,0,0,0,0,3,0,0.2,0.2,0.3,0.6,18,30,26,0,0,0,0,0,0.02,0.03,0.05,0.02,0.05,Matches,6b6c793c
311,Orel Mangala,be BEL,MF,Nott'ham Forest,25-036,1998,21,14,1039,11.5,1,0,1,1,0,0,3,0,0.6,0.6,0.1,0.7,11,32,7,0.09,0,0.09,0.09,0.09,0.05,0.01,0.06,0.05,0.06,Matches,a572e291
312,Javier Manquillo,es ESP,DF,Newcastle Utd,28-353,1994,2,0,15,0.2,0,0,0,0,0,0,0,0,0,0,0,0,2,1,1,0,0,0,0,0,0,0,0,0,0,Matches,758dd7f0
313,Sekou Mara,fr FRA,FWMF,Southampton,20-267,2002,21,4,526,5.8,1,2,3,1,0,0,1,0,1,1,0.8,1.8,7,7,26,0.17,0.34,0.51,0.17,0.51,0.18,0.13,0.31,0.18,0.31,Matches,3544641e
314,Solly March,eng ENG,FWDF,Brighton,28-277,1994,29,29,2510,27.9,7,7,14,7,0,0,2,0,7.6,7.6,7.5,15.1,101,128,323,0.25,0.25,0.5,0.25,0.5,0.27,0.27,0.54,0.27,0.54,Matches,bb5fbd2b
315,Emiliano Marcondes,dk DEN,MF,Bournemouth,28-045,1995,1,0,9,0.1,0,0,0,0,0,0,0,0,0,0,0,0,0,1,0,0,0,0,0,0,0,0,0,0,0,Matches,4d960fc3
316,Marquinhos,br BRA,MF,Arsenal,20-016,2003,1,0,1,0,0,0,0,0,0,0,0,0,0,0,0,0,0,0,0,0,0,0,0,0,0,0,0,0,0,Matches,59878425
317,Anthony Martial,fr FRA,FW,Manchester Utd,27-139,1995,13,7,609,6.8,4,2,6,3,1,1,0,0,4.2,3.4,1.1,4.5,9,20,41,0.59,0.3,0.89,0.44,0.74,0.62,0.17,0.78,0.5,0.67,Matches,8b788c01
318,Martinelli,br BRA,FW,Arsenal,21-309,2001,32,31,2600,28.9,15,5,20,15,0,0,3,0,8.9,8.9,8.7,17.6,119,90,334,0.52,0.17,0.69,0.52,0.69,0.31,0.3,0.61,0.31,0.61,Matches,48a5a5d6
319,Emiliano Martínez,ar ARG,GK,Aston Villa,30-233,1992,30,30,2599,28.9,0,0,0,0,0,0,5,0,0,0,0.3,0.3,0,0,0,0,0,0,0,0,0,0.01,0.01,0,0.01,Matches,7956236f
320,Lisandro Martínez,ar ARG,DF,Manchester Utd,25-095,1998,27,24,2114,23.5,1,0,1,1,0,0,6,0,0.5,0.5,0.3,0.8,12,83,2,0.04,0,0.04,0.04,0.04,0.02,0.01,0.03,0.02,0.03,Matches,bac46a10
321,Pape Matar Sarr,sn SEN,MF,Tottenham,20-221,2002,8,1,147,1.6,0,0,0,0,0,0,1,0,0.1,0.1,0,0.1,1,11,0,0,0,0,0,0,0.04,0.01,0.05,0.04,0.05,Matches,feb5d972
322,Jean-Philippe Mateta,fr FRA,FW,Crystal Palace,25-299,1997,26,6,733,8.1,2,0,2,2,0,0,3,0,3.2,3.2,0.6,3.9,7,6,38,0.25,0,0.25,0.25,0.25,0.4,0.08,0.48,0.4,0.48,Matches,50e6dc35
323,Joël Matip,cm CMR,DF,Liverpool,31-258,1991,12,10,912,10.1,0,0,0,0,0,0,3,0,0.1,0.1,0.3,0.3,26,47,1,0,0,0,0,0,0.01,0.03,0.03,0.01,0.03,Matches,b217ef29
324,Neal Maupay,fr FRA,FW,Everton,26-252,1996,23,11,1042,11.6,1,0,1,1,0,0,3,0,4.3,4.3,0.6,4.9,7,9,57,0.09,0,0.09,0.09,0.09,0.37,0.05,0.42,0.37,0.42,Matches,4bcf39f6
325,Kevin Mbabu,ch SUI,DFFW,Fulham,28-004,1995,6,1,144,1.6,0,1,1,0,0,0,1,0,0,0,0.4,0.4,4,8,11,0,0.62,0.62,0,0.62,0,0.25,0.25,0,0.25,Matches,493924a7
326,Bryan Mbeumo,cm CMR,FW,Brentford,23-259,1999,32,31,2429,27,5,6,11,4,1,1,4,0,7.6,6.8,6.1,12.9,55,76,199,0.19,0.22,0.41,0.15,0.37,0.28,0.23,0.51,0.25,0.48,Matches,6afaebf2
327,James McArthur,sct SCO,MF,Crystal Palace,35-198,1987,2,0,21,0.2,0,0,0,0,0,0,0,0,0,0,0,0,0,0,0,0,0,0,0,0,0,0,0,0,0,Matches,cee31595
328,John McGinn,sct SCO,MFFW,Aston Villa,28-187,1994,28,24,2153,23.9,1,2,3,1,0,0,5,0,2,2,2.1,4.2,25,108,57,0.04,0.08,0.13,0.04,0.13,0.08,0.09,0.17,0.08,0.17,Matches,90f91999
329,Scott McKenna,sct SCO,DF,Nott'ham Forest,26-162,1996,20,19,1571,17.5,0,0,0,0,0,0,4,0,0.1,0.1,1,1.1,5,35,2,0,0,0,0,0,0,0.06,0.06,0,0.06,Matches,4e5a4cbc
330,Weston McKennie,us USA,MF,Leeds United,24-238,1998,13,10,955,10.6,0,0,0,0,0,0,6,0,0.4,0.4,0.3,0.7,9,59,17,0,0,0,0,0,0.04,0.03,0.07,0.04,0.07,Matches,01c3aff5
331,Dwight McNeil,eng ENG,FWMF,Everton,23-152,1999,30,22,1958,21.8,4,2,6,4,0,0,5,0,1.6,1.6,4.2,5.8,61,55,107,0.18,0.09,0.28,0.18,0.28,0.07,0.19,0.27,0.07,0.27,Matches,fc15fb84
332,Scott McTominay,sct SCO,MF,Manchester Utd,26-136,1996,21,10,1126,12.5,1,0,1,1,0,0,7,0,1.3,1.3,0.5,1.8,19,30,19,0.08,0,0.08,0.08,0.08,0.1,0.04,0.14,0.1,0.14,Matches,d93c2511
333,Ben Mee,eng ENG,DF,Brentford,33-214,1989,31,31,2729,30.3,3,0,3,3,0,0,2,0,1.9,1.9,0.3,2.2,7,67,13,0.1,0,0.1,0.1,0.1,0.06,0.01,0.07,0.06,0.07,Matches,8df7a2fb
334,Edouard Mendy,sn SEN,GK,Chelsea,31-053,1992,9,8,765,8.5,0,0,0,0,0,0,1,0,0,0,0,0,0,0,0,0,0,0,0,0,0,0,0,0,0,Matches,33887998
335,Nampalys Mendy,sn SEN,MF,Leicester City,30-304,1992,17,7,735,8.2,1,0,1,1,0,0,1,0,0.1,0.1,0,0.2,2,28,4,0.12,0,0.12,0.12,0.12,0.02,0,0.02,0.02,0.02,Matches,1598599e
336,Chris Mepham,wls WAL,DF,Bournemouth,25-169,1997,23,21,1929,21.4,0,0,0,0,0,0,7,0,0.6,0.6,0.2,0.8,1,34,1,0,0,0,0,0,0.03,0.01,0.04,0.03,0.04,Matches,fed96827
337,Illan Meslier,fr FRA,GK,Leeds United,23-052,2000,32,32,2880,32,0,0,0,0,0,0,3,0,0.1,0.1,0,0.1,0,0,0,0,0,0,0,0,0,0,0,0,0,Matches,6b625ac2
338,Alexander Mighten,eng ENG,FW,Nott'ham Forest,21-012,2002,1,0,8,0.1,0,0,0,0,0,0,0,0,0,0,0,0,0,0,1,0,0,0,0,0,0,0,0,0,0,Matches,10ec4169
339,Luka Milivojević,rs SRB,MF,Crystal Palace,32-016,1991,16,4,447,5,0,0,0,0,0,0,1,0,0.3,0.3,0.2,0.5,2,20,2,0,0,0,0,0,0.06,0.04,0.1,0.06,0.1,Matches,2ce2508a
340,James Milner,eng ENG,MFDF,Liverpool,37-109,1986,24,6,759,8.4,0,1,1,0,0,0,1,0,0.4,0.4,0.8,1.2,17,56,68,0,0.12,0.12,0,0.12,0.04,0.1,0.14,0.04,0.14,Matches,2f90f6b8
341,Yerry Mina,co COL,DF,Everton,28-212,1994,3,3,234,2.6,1,0,1,1,0,0,1,0,0.2,0.2,0,0.2,1,7,1,0.38,0,0.38,0.38,0.38,0.09,0,0.09,0.09,0.09,Matches,6d5701f2
342,Tyrone Mings,eng ENG,DF,Aston Villa,30-041,1993,29,29,2610,29,0,2,2,0,0,0,4,0,0.5,0.5,1.4,1.9,13,86,6,0,0.07,0.07,0,0.07,0.02,0.05,0.07,0.02,0.07,Matches,8397a50c
343,Tyrick Mitchell,eng ENG,DF,Crystal Palace,23-234,1999,30,28,2351,26.1,0,2,2,0,0,0,5,1,0.6,0.6,1,1.6,19,82,68,0,0.08,0.08,0,0.08,0.02,0.04,0.06,0.02,0.06,Matches,5cbd1eb0
344,Kaoru Mitoma,jp JPN,FW,Brighton,25-338,1997,24,17,1629,18.1,7,4,11,7,0,0,0,0,4.3,4.3,4.8,9.1,99,72,181,0.39,0.22,0.61,0.39,0.61,0.24,0.26,0.5,0.24,0.5,Matches,74618572
345,Aleksandar Mitrović,rs SRB,FW,Fulham,28-219,1994,21,21,1813,20.1,11,1,12,8,3,6,6,0,12.3,7.6,2.1,9.8,19,41,91,0.55,0.05,0.6,0.4,0.45,0.61,0.11,0.72,0.38,0.49,Matches,3925dbd6
346,Kieffer Moore,wls WAL,FW,Bournemouth,30-258,1992,21,12,1120,12.4,4,0,4,4,0,0,0,0,3.2,3.2,0.3,3.5,10,20,44,0.32,0,0.32,0.32,0.32,0.26,0.02,0.28,0.26,0.28,Matches,01ce9e70
347,Andrew Moran,ie IRL,FW,Brighton,19-190,2003,1,0,12,0.1,0,0,0,0,0,0,0,0,0,0,0,0,0,0,1,0,0,0,0,0,0,0,0,0,0,Matches,c4720845
348,Álex Moreno,es ESP,DF,Aston Villa,29-319,1993,14,10,993,11,0,3,3,0,0,0,3,0,0.5,0.5,2.3,2.8,48,20,89,0,0.27,0.27,0,0.27,0.04,0.21,0.26,0.04,0.26,Matches,16e9d0ea
349,Mason Mount,eng ENG,MFFW,Chelsea,24-103,1999,24,20,1648,18.3,3,2,5,3,0,0,4,0,2,2,3,5,48,98,114,0.16,0.11,0.27,0.16,0.27,0.11,0.16,0.27,0.11,0.27,Matches,9674002f
350,Lucas Moura,br BRA,MFDF,Tottenham,30-253,1992,12,0,126,1.4,0,0,0,0,0,0,0,1,0.1,0.1,0.3,0.3,3,9,11,0,0,0,0,0,0.06,0.18,0.24,0.06,0.24,Matches,2b622f01
351,João Moutinho,pt POR,MF,Wolves,36-227,1986,30,20,1779,19.8,0,2,2,0,0,0,3,0,1.3,1.3,2.6,3.9,23,132,32,0,0.1,0.1,0,0.1,0.07,0.13,0.2,0.07,0.2,Matches,f5a00fa4
352,Divin Mubama,eng ENG,FW,West Ham,18-180,2004,1,0,4,0,0,0,0,0,0,0,0,0,0,0,0,0,0,0,0,0,0,0,0,0,0,0,0,0,0,Matches,92868cb5
353,Mykhailo Mudryk,ua UKR,FWMF,Chelsea,22-108,2001,10,5,445,4.9,0,2,2,0,0,0,0,0,1.2,1.2,0.2,1.4,14,11,21,0,0.4,0.4,0,0.4,0.24,0.04,0.28,0.24,0.28,Matches,049a888d
354,Jacob Murphy,eng ENG,FW,Newcastle Utd,28-058,1995,30,11,995,11.1,1,2,3,1,0,0,0,0,1.6,1.6,2.5,4.1,53,50,114,0.09,0.18,0.27,0.09,0.27,0.14,0.23,0.37,0.14,0.37,Matches,de112b84
355,Enock Mwepu,zm ZAM,FWMF,Brighton,25-112,1998,6,2,213,2.4,0,1,1,0,0,0,0,0,0.2,0.2,0.5,0.7,5,6,17,0,0.42,0.42,0,0.42,0.09,0.2,0.29,0.09,0.29,Matches,1d5cab82
356,Vitaliy Mykolenko,ua UKR,DFMF,Everton,23-329,1999,31,27,2385,26.5,0,0,0,0,0,0,4,0,0.5,0.5,1.2,1.7,30,95,69,0,0,0,0,0,0.02,0.05,0.07,0.02,0.07,Matches,30d4a2e5
357,Keylor Navas,cr CRC,GK,Nott'ham Forest,36-129,1986,12,12,1080,12,0,0,0,0,0,0,1,0,0,0,0,0,0,1,0,0,0,0,0,0,0,0,0,0,0,Matches,ecada4fc
358,Wilfred Ndidi,ng NGA,MFDF,Leicester City,26-128,1996,23,16,1440,16,0,0,0,0,0,0,4,0,0.2,0.2,0.1,0.2,9,46,6,0,0,0,0,0,0.01,0,0.02,0.01,0.02,Matches,6b47c5db
359,Reiss Nelson,eng ENG,FW,Arsenal,23-134,1999,6,0,118,1.3,3,2,5,3,0,0,0,0,0.8,0.8,0.6,1.4,13,3,26,2.29,1.53,3.81,2.29,3.81,0.64,0.46,1.09,0.64,1.09,Matches,c5bdb6e3
360,Neto,br BRA,GK,Bournemouth,33-278,1989,21,21,1845,20.5,0,0,0,0,0,0,4,0,0,0,0,0,0,0,0,0,0,0,0,0,0,0,0,0,0,Matches,a9dc785c
361,Pedro Neto,pt POR,FWMF,Wolves,23-045,2000,14,10,753,8.4,0,0,0,0,0,0,1,0,1,1,1.4,2.4,32,20,97,0,0,0,0,0,0.12,0.16,0.29,0.12,0.29,Matches,7ba2eaa9
362,Rúben Neves,pt POR,MF,Wolves,26-041,1997,29,28,2527,28.1,5,0,5,3,2,2,10,0,4.3,2.7,1.1,3.8,26,194,15,0.18,0,0.18,0.11,0.11,0.15,0.04,0.19,0.1,0.13,Matches,44bfb6c5
363,Moussa Niakhate,sn SEN,DF,Nott'ham Forest,27-046,1996,8,8,700,7.8,0,0,0,0,0,0,0,0,0.3,0.3,0.1,0.4,1,7,1,0,0,0,0,0,0.04,0.01,0.05,0.04,0.05,Matches,242715
364,Rasmus Nissen,dk DEN,DF,Leeds United,25-286,1997,21,16,1510,16.8,2,1,3,2,0,0,4,0,0.7,0.7,1,1.7,14,61,67,0.12,0.06,0.18,0.12,0.18,0.04,0.06,0.1,0.04,0.1,Matches,39769cff
365,Eddie Nketiah,eng ENG,FW,Arsenal,23-328,1999,25,9,1021,11.3,4,1,5,4,0,0,2,0,7.4,7.4,1.2,8.7,31,15,73,0.35,0.09,0.44,0.35,0.44,0.66,0.11,0.77,0.66,0.77,Matches,a53649b7
366,Matheus Nunes,pt POR,MF,Wolves,24-239,1998,28,25,2044,22.7,1,1,2,1,0,0,1,1,2.1,2.1,2.2,4.3,47,71,109,0.04,0.04,0.09,0.04,0.09,0.09,0.1,0.19,0.09,0.19,Matches,e6af02e0
367,Darwin Núñez,uy URU,FW,Liverpool,23-303,1999,25,17,1518,16.9,9,3,12,9,0,0,1,1,11.4,11.4,5.3,16.7,58,28,165,0.53,0.18,0.71,0.53,0.71,0.68,0.31,0.99,0.68,0.99,Matches,4d77b365
368,Ethan Nwaneri,eng ENG,FW,Arsenal,16-033,2007,1,0,1,0,0,0,0,0,0,0,0,0,0,0,0,0,0,0,0,0,0,0,0,0,0,0,0,0,0,Matches,7f94982c
369,Christian Nørgaard,dk DEN,MF,Brentford,29-044,1994,22,21,1763,19.6,1,3,4,1,0,0,6,0,1.6,1.6,3.1,4.7,4,73,8,0.05,0.15,0.2,0.05,0.2,0.08,0.16,0.24,0.08,0.24,Matches,df0a4c90
370,Lewis O'Brien,eng ENG,MF,Nott'ham Forest,24-191,1998,13,6,584,6.5,1,0,1,1,0,0,2,0,0.3,0.3,0.2,0.5,13,21,3,0.15,0,0.15,0.15,0.15,0.05,0.03,0.08,0.05,0.08,Matches,089667a5
371,Angelo Ogbonna,it ITA,DF,West Ham,34-335,1988,11,9,805,8.9,0,0,0,0,0,0,0,0,0.3,0.3,0.2,0.4,0,4,1,0,0,0,0,0,0.03,0.02,0.05,0.03,0.05,Matches,74b2cd7e
372,Michael Olise,fr FRA,FWMF,Crystal Palace,21-132,2001,31,25,2210,24.6,2,8,10,2,0,0,2,0,2.5,2.5,6.8,9.2,79,108,179,0.08,0.33,0.41,0.08,0.41,0.1,0.28,0.38,0.1,0.38,Matches,c4486bac
373,Robin Olsen,se SWE,GK,Aston Villa,33-105,1990,4,2,281,3.1,0,0,0,0,0,0,0,0,0,0,0,0,0,0,0,0,0,0,0,0,0,0,0,0,0,Matches,e7ee38c3
374,Amadou Onana,be BEL,MF,Everton,21-250,2001,28,26,2206,24.5,1,1,2,1,0,0,7,0,2.9,2.9,2.1,5,24,61,42,0.04,0.04,0.08,0.04,0.08,0.12,0.09,0.21,0.12,0.21,Matches,828657ff
375,Josh Onomah,eng ENG,MF,Fulham,25-361,1997,2,0,15,0.2,0,0,0,0,0,0,0,0,0,0,0,0,1,0,0,0,0,0,0,0,0,0,0,0,0,Matches,6612cd8c
376,Paul Onuachu,ng NGA,FW,Southampton,28-330,1994,9,3,331,3.7,0,0,0,0,0,0,0,0,0.4,0.4,0.1,0.5,1,5,19,0,0,0,0,0,0.11,0.04,0.14,0.11,0.14,Matches,c06d1086
377,Frank Onyeka,ng NGA,MF,Brentford,25-112,1998,15,4,550,6.1,0,1,1,0,0,0,0,0,0.8,0.8,0.5,1.4,3,20,11,0,0.16,0.16,0,0.16,0.14,0.09,0.23,0.14,0.23,Matches,2944f86f
378,Mislav Oršić,hr CRO,MF,Southampton,30-115,1992,1,0,7,0.1,0,0,0,0,0,0,0,0,0,0,0,0,0,0,0,0,0,0,0,0,0,0,0,0,0,Matches,ee950928
379,Dango Ouattara,bf BFA,MFFW,Bournemouth,21-071,2002,12,11,843,9.4,1,3,4,1,0,0,1,0,2.8,2.8,1.7,4.6,26,15,60,0.11,0.32,0.43,0.11,0.43,0.3,0.19,0.49,0.3,0.49,Matches,2f9e4435
380,Alex Oxlade-Chamberlain,eng ENG,FWMF,Liverpool,29-251,1993,9,4,335,3.7,1,0,1,1,0,0,0,0,1.3,1.3,0.9,2.2,11,14,28,0.27,0,0.27,0.27,0.27,0.35,0.23,0.58,0.35,0.58,Matches,38c7feef
381,David Ozoh,,FW,Crystal Palace,17-327,2005,1,0,1,0,0,0,0,0,0,0,0,0,0,0,0,0,0,0,0,0,0,0,0,0,0,0,0,0,0,Matches,d00d45ab
382,João Palhinha,pt POR,MF,Fulham,27-288,1995,28,28,2492,27.7,3,0,3,3,0,0,11,0,2.4,2.4,0.3,2.7,5,84,17,0.11,0,0.11,0.11,0.11,0.09,0.01,0.1,0.09,0.1,Matches,a78ff07f
383,Cole Palmer,eng ENG,FWMF,Manchester City,20-352,2002,11,0,150,1.7,0,0,0,0,0,0,1,0,0.1,0.1,0.2,0.3,10,8,20,0,0,0,0,0,0.04,0.11,0.15,0.04,0.15,Matches,dc7f8a28
384,Emerson Palmieri,it ITA,DF,West Ham,28-263,1994,16,12,984,10.9,1,0,1,1,0,0,2,0,0.7,0.7,0.6,1.3,32,35,42,0.09,0,0.09,0.09,0.09,0.06,0.06,0.12,0.06,0.12,Matches,e0bc6fdc
385,Lucas Paquetá,br BRA,MF,West Ham,25-239,1997,21,20,1578,17.5,2,2,4,1,1,1,4,0,3.6,2.8,1.3,4.2,11,104,47,0.11,0.11,0.23,0.06,0.17,0.21,0.08,0.28,0.16,0.24,Matches,9b6f7fd5
386,Thomas Partey,gh GHA,MF,Arsenal,29-314,1993,27,25,2166,24.1,3,0,3,3,0,0,3,0,2.1,2.1,1.3,3.4,23,199,23,0.12,0,0.12,0.12,0.12,0.09,0.05,0.14,0.09,0.14,Matches,529f49ab
387,Nathan Patterson,sct SCO,DFMF,Everton,21-189,2001,15,11,1025,11.4,0,0,0,0,0,0,3,0,0.5,0.5,0.4,0.9,14,20,44,0,0,0,0,0,0.04,0.04,0.08,0.04,0.08,Matches,230f0471
388,Ben Pearson,eng ENG,MF,Bournemouth,28-109,1995,7,3,286,3.2,0,0,0,0,0,0,1,0,0,0,0,0,2,5,4,0,0,0,0,0,0.01,0,0.01,0.01,0.01,Matches,a6b461e7
389,Facundo Pellistri,uy URU,FWMF,Manchester Utd,21-124,2001,3,0,57,0.6,0,0,0,0,0,0,0,0,0,0,0,0,0,0,2,0,0,0,0,0,0,0,0,0,0,Matches,ac7e7b1c
390,Andreas Pereira,br BRA,MF,Fulham,27-112,1996,31,31,2568,28.5,4,6,10,3,1,1,8,0,7.2,6.4,5.2,11.6,52,120,132,0.14,0.21,0.35,0.11,0.32,0.25,0.18,0.43,0.22,0.41,Matches,6639e500
391,Ricardo Pereira,pt POR,DFMF,Leicester City,29-199,1993,8,4,387,4.3,1,1,2,1,0,0,1,0,0.1,0.1,0.5,0.6,5,25,14,0.23,0.23,0.47,0.23,0.47,0.03,0.11,0.14,0.03,0.14,Matches,75a72a99
392,Ayoze Pérez,es ESP,MFFW,Leicester City,29-268,1993,8,3,382,4.2,0,1,1,0,0,0,0,0,1.1,1.1,1.5,2.6,17,20,43,0,0.24,0.24,0,0.24,0.27,0.35,0.62,0.27,0.62,Matches,819aa8e7
393,Ivan Perišić,hr CRO,DFMF,Tottenham,34-080,1989,29,20,1846,20.5,1,7,8,1,0,0,6,0,2.5,2.5,5.1,7.5,77,55,161,0.05,0.34,0.39,0.05,0.39,0.12,0.25,0.37,0.12,0.37,Matches,6fe90922
394,Romain Perraud,fr FRA,DF,Southampton,25-213,1997,28,21,1800,20,2,2,4,2,0,0,4,0,1.3,1.3,1.9,3.2,32,60,121,0.1,0.1,0.2,0.1,0.2,0.06,0.1,0.16,0.06,0.16,Matches,6dfd8f05
395,Máximo Perrone,ar ARG,MF,Manchester City,20-106,2003,1,0,19,0.2,0,0,0,0,0,0,0,0,0,0,0,0,0,2,1,0,0,0,0,0,0,0,0,0,0,Matches,53552942
396,Kalvin Phillips,eng ENG,MF,Manchester City,27-142,1995,7,0,109,1.2,0,0,0,0,0,0,1,0,0.1,0.1,0,0.2,0,7,0,0,0,0,0,0,0.09,0.04,0.13,0.09,0.13,Matches,4f565d77
397,Nathaniel Phillips,eng ENG,DF,Liverpool,26-033,1997,2,1,66,0.7,0,0,0,0,0,0,0,0,0,0,0,0,0,9,0,0,0,0,0,0,0.06,0,0.06,0.06,0.06,Matches,515ebe8d
398,Jordan Pickford,eng ENG,GK,Everton,29-047,1994,31,31,2790,31,0,1,1,0,0,0,5,0,0,0,0.1,0.1,0,1,0,0,0.03,0.03,0,0.03,0,0,0,0,0,Matches,4806ec67
399,Ethan Pinnock,jm JAM,DF,Brentford,29-329,1993,24,24,2160,24,2,0,2,2,0,0,0,0,2.3,2.3,1,3.3,1,39,14,0.08,0,0.08,0.08,0.08,0.1,0.04,0.14,0.1,0.14,Matches,e541326e
400,Daniel Podence,pt POR,FWMF,Wolves,27-184,1995,29,19,1626,18.1,6,0,6,6,0,0,5,0,3.5,3.5,2.4,5.9,40,88,138,0.33,0,0.33,0.33,0.33,0.19,0.13,0.33,0.19,0.33,Matches,7fcc71d8
401,Nick Pope,eng ENG,GK,Newcastle Utd,31-004,1992,30,30,2631,29.2,0,0,0,0,0,0,3,1,0,0,0,0,0,1,0,0,0,0,0,0,0,0,0,0,0,Matches,4b40d9ca
402,Pedro Porro,es ESP,DF,Tottenham,23-222,1999,8,7,601,6.7,1,1,2,1,0,0,0,0,1.1,1.1,1.3,2.4,19,23,56,0.15,0.15,0.3,0.15,0.3,0.16,0.2,0.36,0.16,0.36,Matches,27d0a506
403,Dennis Praet,be BEL,MFFW,Leicester City,28-344,1994,19,5,593,6.6,1,0,1,1,0,0,1,0,1,1,0.5,1.4,14,15,38,0.15,0,0.15,0.15,0.15,0.15,0.07,0.22,0.15,0.22,Matches,86695068
404,Isaac Price,nir NIR,MF,Everton,19-209,2003,1,0,33,0.4,0,0,0,0,0,0,1,0,0,0,0.1,0.1,1,1,0,0,0,0,0,0,0,0.26,0.26,0,0.26,Matches,b9403c99
405,Christian Pulisic,us USA,FWDF,Chelsea,24-217,1998,21,8,785,8.7,1,1,2,1,0,0,1,0,1.4,1.4,0.7,2.1,34,22,72,0.11,0.11,0.23,0.11,0.23,0.16,0.08,0.24,0.16,0.24,Matches,1bf33a9a
406,Aaron Ramsdale,eng ENG,GK,Arsenal,24-344,1998,32,32,2880,32,0,0,0,0,0,0,1,0,0,0,0,0,0,8,0,0,0,0,0,0,0,0,0,0,0,Matches,466fb2c5
407,Jacob Ramsey,eng ENG,MFFW,Aston Villa,21-330,2001,29,25,2110,23.4,4,5,9,4,0,0,4,0,3.1,3.1,3.3,6.5,69,87,85,0.17,0.21,0.38,0.17,0.38,0.13,0.14,0.28,0.13,0.28,Matches,1544f145
408,Marcus Rashford,eng ENG,FW,Manchester Utd,25-174,1997,29,27,2386,26.5,15,4,19,15,0,0,2,0,11.8,11.8,2.8,14.6,66,62,194,0.57,0.15,0.72,0.57,0.72,0.45,0.11,0.55,0.45,0.55,Matches,a1d5bd30
409,David Raya,es ESP,GK,Brentford,27-220,1995,32,32,2880,32,0,0,0,0,0,0,1,0,0.1,0.1,0.1,0.3,0,12,0,0,0,0,0,0,0,0,0.01,0,0.01,Matches,98ea5115
410,Tim Ream,us USA,DF,Fulham,35-200,1987,31,31,2787,31,1,0,1,1,0,0,2,0,0.3,0.3,0.1,0.4,26,136,2,0.03,0,0.03,0.03,0.03,0.01,0,0.01,0.01,0.01,Matches,28b40c9c
411,Nathan Redmond,eng ENG,DF,Southampton,29-048,1994,1,0,1,0,0,0,0,0,0,0,0,0,0,0,0,0,0,0,1,0,0,0,0,0,0,0,0,0,0,Matches,ab651565
412,Harrison Reed,eng ENG,MF,Fulham,28-086,1995,30,30,2408,26.8,3,2,5,3,0,0,5,0,1.6,1.6,2.6,4.1,25,88,80,0.11,0.07,0.19,0.11,0.19,0.06,0.1,0.16,0.06,0.16,Matches,803ae100
413,Bobby Reid,jm JAM,FWDF,Fulham,30-080,1993,30,28,2264,25.2,4,1,5,4,0,0,7,0,3.8,3.8,1.7,5.4,46,56,169,0.16,0.04,0.2,0.16,0.2,0.15,0.07,0.22,0.15,0.22,Matches,0f7533cd
414,Declan Rice,eng ENG,MF,West Ham,24-099,1999,30,30,2700,30,2,1,3,2,0,1,5,0,2,1.2,3,4.2,74,191,31,0.07,0.03,0.1,0.07,0.1,0.07,0.1,0.17,0.04,0.14,Matches,1c7012b8
415,Chris Richards,us USA,DF,Crystal Palace,23-026,2000,8,3,357,4,0,0,0,0,0,0,0,0,0.7,0.7,0.3,1,2,9,1,0,0,0,0,0,0.18,0.06,0.25,0.18,0.25,Matches,0a3d6d2b
416,Richarlison,br BRA,MFFW,Tottenham,25-348,1997,20,9,765,8.5,0,3,3,0,0,0,2,0,2.3,2.3,1.8,4.1,24,24,61,0,0.35,0.35,0,0.35,0.28,0.21,0.49,0.28,0.49,Matches,fa031b34
417,Jaïro Riedewald,nl NED,DFFW,Crystal Palace,26-226,1996,4,0,49,0.5,0,0,0,0,0,0,0,0,0,0,0,0,1,0,1,0,0,0,0,0,0,0,0,0,0,Matches,7a1f2c08
418,Matt Ritchie,sct SCO,FWMF,Newcastle Utd,33-225,1989,6,0,38,0.4,0,0,0,0,0,0,0,0,0,0,0.1,0.1,0,0,6,0,0,0,0,0,0,0.25,0.25,0,0.25,Matches,71ef519e
419,Andrew Robertson,sct SCO,DF,Liverpool,29-043,1994,28,24,2136,23.7,0,7,7,0,0,0,3,0,1.3,1.3,5.3,6.6,64,127,173,0,0.29,0.29,0,0.29,0.06,0.22,0.28,0.06,0.28,Matches,2e4f5f03
420,Antonee Robinson,us USA,DF,Fulham,25-258,1997,28,28,2458,27.3,0,1,1,0,0,0,7,0,0.1,0.1,1.1,1.2,88,105,129,0,0.04,0.04,0,0.04,0,0.04,0.04,0,0.04,Matches,2.90E+11
421,Marc Roca,es ESP,MF,Leeds United,26-148,1996,28,26,2071,23,1,2,3,1,0,0,6,0,1.4,1.4,2.4,3.8,19,154,24,0.04,0.09,0.13,0.04,0.13,0.06,0.1,0.16,0.06,0.16,Matches,da27e268
422,Marek Rodák,sk SVK,GK,Fulham,26-131,1996,2,2,180,2,0,0,0,0,0,0,0,0,0,0,0,0,0,0,0,0,0,0,0,0,0,0,0,0,0,Matches,17acc2ed
423,Rodri,es ESP,MF,Manchester City,26-305,1996,29,29,2451,27.2,2,6,8,2,0,0,4,0,4.2,4.2,4,8.2,68,236,35,0.07,0.22,0.29,0.07,0.29,0.15,0.15,0.3,0.15,0.3,Matches,6434f10d
424,Rodrigo,es ESP,FWMF,Leeds United,32-048,1991,25,19,1548,17.2,11,1,12,10,1,1,3,0,7.3,6.5,1.5,8.1,36,41,123,0.64,0.06,0.7,0.58,0.64,0.43,0.09,0.51,0.38,0.47,Matches,1fb1c435
425,Mads Roerslev,dk DEN,DF,Brentford,23-303,1999,16,11,1008,11.2,0,0,0,0,0,0,0,0,0.3,0.3,1,1.3,8,17,33,0,0,0,0,0,0.03,0.09,0.12,0.03,0.12,Matches,57c94db2
426,Cristian Romero,ar ARG,DF,Tottenham,24-361,1998,22,21,1914,21.3,0,0,0,0,0,0,9,1,0.8,0.8,0.3,1,18,82,7,0,0,0,0,0,0.04,0.01,0.05,0.04,0.05,Matches,a3d94a58
427,Oriol Romeu,es ESP,MF,Southampton,31-211,1991,1,1,74,0.8,0,0,0,0,0,0,0,0,0,0,0,0,2,4,0,0,0,0,0,0,0,0,0,0,0,Matches,4b511457
428,Cristiano Ronaldo,pt POR,FW,Manchester Utd,38-077,1985,10,4,525,5.8,1,0,1,1,0,0,2,0,1.9,1.9,0.4,2.3,9,12,33,0.17,0,0.17,0.17,0.17,0.32,0.07,0.4,0.32,0.4,Matches,dea698d9
429,Connor Ronan,ie IRL,MF,Wolves,25-048,1998,1,0,1,0,0,0,0,0,0,0,0,0,0,0,0,0,0,0,1,0,0,0,0,0,0,0,0,0,0,Matches,1b804500
430,Salomón Rondón,ve VEN,FW,Everton,33-219,1989,7,1,109,1.2,0,0,0,0,0,0,0,0,0.8,0.8,0.2,1,0,1,7,0,0,0,0,0,0.66,0.13,0.79,0.66,0.79,Matches,b318a643
431,Joe Rothwell,eng ENG,MF,Bournemouth,28-102,1995,15,7,671,7.5,0,1,1,0,0,0,1,0,0.1,0.1,0.9,1,4,21,7,0,0.13,0.13,0,0.13,0.02,0.12,0.13,0.02,0.13,Matches,10a10454
432,Georginio Rutter,fr FRA,FWMF,Leeds United,21-003,2002,10,1,242,2.7,0,0,0,0,0,0,0,0,0.3,0.3,0.2,0.5,5,5,14,0,0,0,0,0,0.11,0.09,0.19,0.11,0.19,Matches,c64c01fc
433,José Sá,pt POR,GK,Wolves,30-096,1993,32,32,2880,32,0,0,0,0,0,0,1,0,0,0,0,0,0,0,0,0,0,0,0,0,0,0,0,0,0,Matches,903b6e8b
434,Marcel Sabitzer,at AUT,MF,Manchester Utd,29-037,1994,8,6,510,5.7,0,1,1,0,0,0,1,0,0.6,0.6,0.8,1.5,8,33,18,0,0.18,0.18,0,0.18,0.11,0.14,0.26,0.11,0.26,Matches,e280527c
435,Allan Saint-Maximin,fr FRA,FW,Newcastle Utd,26-042,1997,20,11,997,11.1,1,5,6,1,0,0,1,0,1.5,1.5,3.8,5.3,73,58,99,0.09,0.45,0.54,0.09,0.54,0.13,0.34,0.48,0.13,0.48,Matches,2b16cb1a
436,Bukayo Saka,eng ENG,FW,Arsenal,21-230,2001,32,31,2704,30,13,11,24,11,2,3,6,0,10.1,8,7.9,15.9,152,92,449,0.43,0.37,0.8,0.37,0.73,0.34,0.26,0.6,0.26,0.53,Matches,bc7dc64d
437,Mohamed Salah,eg EGY,FW,Liverpool,30-312,1992,31,30,2670,29.7,16,7,23,16,0,2,2,0,16.3,14.7,5.7,20.4,89,113,325,0.54,0.24,0.78,0.54,0.78,0.55,0.19,0.74,0.49,0.69,Matches,e342ad68
438,William Saliba,fr FRA,DF,Arsenal,22-030,2001,27,27,2415,26.8,2,1,3,2,0,0,4,0,0.9,0.9,1.2,2.1,13,99,2,0.07,0.04,0.11,0.07,0.11,0.03,0.04,0.08,0.03,0.08,Matches,972aeb2a
439,Mohammed Salisu,gh GHA,DF,Southampton,24-006,1999,22,21,1973,21.9,0,1,1,0,0,0,5,0,1.5,1.5,0.6,2.1,5,82,4,0,0.05,0.05,0,0.05,0.07,0.03,0.1,0.07,0.1,Matches,0b33f6ad
440,Albert Sambi Lokonga,be BEL,MF,Arsenal,23-183,1999,6,2,198,2.2,0,0,0,0,0,0,0,0,0,0,0,0,0,12,2,0,0,0,0,0,0,0.01,0.01,0,0.01,Matches,1b4f1169
441,Albert Sambi Lokonga,be BEL,MF,Crystal Palace,23-183,1999,8,5,472,5.2,0,0,0,0,0,0,1,0,0,0,0,0,2,17,2,0,0,0,0,0,0,0.01,0.01,0,0.01,Matches,1b4f1169
442,Davinson Sánchez,co COL,DF,Tottenham,26-315,1996,15,6,610,6.8,0,0,0,0,0,0,1,0,0.3,0.3,0.1,0.4,4,29,3,0,0,0,0,0,0.05,0.01,0.06,0.05,0.06,Matches,da7b447d
443,Robert Sánchez,es ESP,GK,Brighton,25-156,1997,23,23,2070,23,0,0,0,0,0,0,2,0,0,0,0,0,0,0,0,0,0,0,0,0,0,0,0,0,0,Matches,6a713852
444,Jadon Sancho,eng ENG,FWMF,Manchester Utd,23-029,2000,18,15,1188,13.2,4,2,6,4,0,0,0,0,3,3,2.3,5.2,51,54,118,0.3,0.15,0.45,0.3,0.45,0.22,0.17,0.39,0.22,0.39,Matches,dbf053da
445,Morgan Sanson,fr FRA,MF,Aston Villa,28-248,1994,2,0,11,0.1,0,0,0,0,0,0,0,0,0,0,0,0,0,1,0,0,0,0,0,0,0,0,0,0,0,Matches,6e7f1353
446,Pablo Sarabia,es ESP,FWMF,Wolves,30-347,1992,12,8,696,7.7,1,0,1,1,0,0,3,0,2.9,2.9,0.8,3.7,14,36,46,0.13,0,0.13,0.13,0.13,0.38,0.1,0.48,0.38,0.48,Matches,9744ff80
447,Jeremy Sarmiento,ec ECU,MF,Brighton,20-311,2002,9,1,176,2,0,1,1,0,0,0,1,0,0.3,0.3,0.2,0.5,5,11,20,0,0.51,0.51,0,0.51,0.17,0.11,0.28,0.17,0.28,Matches,ac0d576d
448,Gianluca Scamacca,it ITA,FW,West Ham,24-112,1999,16,11,926,10.3,3,0,3,3,0,0,3,0,2.5,2.5,0.7,3.1,13,17,48,0.29,0,0.29,0.29,0.29,0.24,0.07,0.31,0.24,0.31,Matches,8790f988
449,Gustavo Scarpa,br BRA,MFFW,Nott'ham Forest,29-108,1994,6,2,181,2,0,0,0,0,0,0,1,0,0.3,0.3,0,0.3,9,12,4,0,0,0,0,0,0.13,0.02,0.14,0.13,0.14,Matches,2964fd20
450,Kevin Schade,de GER,FW,Brentford,21-147,2001,12,4,447,5,0,1,1,0,0,0,2,0,1.9,1.9,0.7,2.6,16,8,34,0,0.2,0.2,0,0.2,0.38,0.14,0.52,0.38,0.52,Matches,52afb588
451,Fabian Schär,ch SUI,DF,Newcastle Utd,31-124,1991,28,28,2503,27.8,1,1,2,1,0,0,5,0,3.7,3.7,2,5.7,23,113,19,0.04,0.04,0.07,0.04,0.07,0.13,0.07,0.21,0.13,0.21,Matches,c8aa95da
452,Jeffrey Schlupp,gh GHA,MFFW,Crystal Palace,30-121,1992,31,28,2342,26,2,1,3,2,0,0,5,0,2.6,2.6,1.4,4,28,89,60,0.08,0.04,0.12,0.08,0.12,0.1,0.05,0.16,0.1,0.16,Matches,3312f911
453,Nélson Semedo,pt POR,DF,Wolves,29-158,1993,30,25,2138,23.8,0,1,1,0,0,0,9,1,0.3,0.3,0.7,1,40,94,129,0,0.04,0.04,0,0.04,0.01,0.03,0.04,0.01,0.04,Matches,d04b94db
454,Antoine Semenyo,gh GHA,FWMF,Bournemouth,23-106,2000,9,2,243,2.7,0,0,0,0,0,0,0,0,0.2,0.2,0,0.2,5,5,11,0,0,0,0,0,0.07,0.02,0.09,0.07,0.09,Matches,efd2ec23
455,Marcos Senesi,ar ARG,DF,Bournemouth,25-348,1997,26,24,2064,22.9,2,0,2,2,0,0,4,0,1.5,1.5,0.5,2,8,42,2,0.09,0,0.09,0.09,0.09,0.07,0.02,0.09,0.07,0.09,Matches,35141f4c
456,Ryan Sessegnon,eng ENG,DF,Tottenham,22-340,2000,17,9,813,9,2,0,2,2,0,0,4,0,1.6,1.6,1.1,2.7,24,22,64,0.22,0,0.22,0.22,0.22,0.18,0.12,0.3,0.18,0.3,Matches,6aa3e78b
457,Luke Shaw,eng ENG,DF,Manchester Utd,27-285,1995,24,23,1967,21.9,1,2,3,1,0,0,6,0,0.9,0.9,3,3.9,52,106,66,0.05,0.09,0.14,0.05,0.14,0.04,0.14,0.18,0.04,0.18,Matches,9c94165b
458,Jonjo Shelvey,eng ENG,MF,Newcastle Utd,31-055,1992,3,0,37,0.4,0,0,0,0,0,0,0,0,0,0,0,0,0,3,0,0,0,0,0,0,0,0,0,0,0,Matches,3727dd3c
459,Jonjo Shelvey,eng ENG,MF,Nott'ham Forest,31-055,1992,8,6,540,6,0,0,0,0,0,0,2,0,0.2,0.2,0.3,0.5,1,34,0,0,0,0,0,0,0.03,0.05,0.08,0.03,0.08,Matches,3727dd3c
460,Bernardo Silva,pt POR,MFFW,Manchester City,28-256,1994,28,21,1917,21.3,4,5,9,4,0,0,4,0,2,2,2.8,4.8,82,108,161,0.19,0.23,0.42,0.19,0.42,0.1,0.13,0.23,0.1,0.23,Matches,3eb22ec9
461,Thiago Silva,br BRA,DF,Chelsea,38-213,1984,21,20,1812,20.1,0,2,2,0,0,0,1,0,1,1,0.4,1.4,4,82,1,0,0.1,0.1,0,0.1,0.05,0.02,0.07,0.05,0.07,Matches,86e7deaf
462,Ellis Simms,eng ENG,FW,Everton,22-108,2001,9,2,214,2.4,1,0,1,1,0,0,0,0,0.9,0.9,0.1,0.9,2,4,18,0.42,0,0.42,0.42,0.42,0.36,0.03,0.39,0.36,0.39,Matches,26d3b5be
463,Luis Sinisterra,co COL,FW,Leeds United,23-310,1999,18,12,836,9.3,4,0,4,4,0,0,3,1,3.2,3.2,0.4,3.6,29,39,82,0.43,0,0.43,0.43,0.43,0.34,0.05,0.39,0.34,0.39,Matches,8e16dd48
464,Oliver Skipp,eng ENG,MF,Tottenham,22-219,2000,16,11,899,10,1,0,1,1,0,0,5,0,0.3,0.3,0.5,0.7,9,44,20,0.1,0,0.1,0.1,0.1,0.03,0.05,0.07,0.03,0.07,Matches,6250083a
465,Adam Smith,eng ENG,DF,Bournemouth,31-359,1991,30,29,2512,27.9,0,1,1,0,0,0,9,0,0.5,0.5,0.7,1.2,21,74,30,0,0.04,0.04,0,0.04,0.02,0.03,0.04,0.02,0.04,Matches,20b104bc
466,Emile Smith Rowe,eng ENG,FWMF,Arsenal,22-269,2000,9,0,122,1.4,0,1,1,0,0,0,0,0,0.3,0.3,0.6,0.9,2,4,11,0,0.74,0.74,0,0.74,0.19,0.45,0.64,0.19,0.64,Matches,17695062
467,Cédric Soares,pt POR,DF,Arsenal,31-235,1991,2,0,29,0.3,0,0,0,0,0,0,0,0,0,0,0,0,1,3,0,0,0,0,0,0,0,0,0,0,0,Matches,839c14e1
468,Cédric Soares,pt POR,DF,Fulham,31-235,1991,4,1,85,0.9,0,0,0,0,0,0,0,0,0,0,0.1,0.1,2,5,6,0,0,0,0,0,0.02,0.06,0.08,0.02,0.08,Matches,839c14e1
469,Dominic Solanke,eng ENG,FW,Bournemouth,25-221,1997,26,25,2234,24.8,5,6,11,5,0,0,1,0,7.7,7.7,3.3,11,46,34,130,0.2,0.24,0.44,0.2,0.44,0.31,0.13,0.44,0.31,0.44,Matches,e77dc3b2
470,Manor Solomon,il ISR,FW,Fulham,23-273,1999,12,3,421,4.7,4,0,4,4,0,0,0,0,1,1,0.3,1.3,10,19,40,0.86,0,0.86,0.86,0.86,0.22,0.06,0.28,0.22,0.28,Matches,886f9aac
471,Tomáš Souček,cz CZE,MF,West Ham,28-055,1995,30,26,2308,25.6,1,1,2,1,0,0,2,0,3.1,3.1,1,4.1,11,77,40,0.04,0.04,0.08,0.04,0.08,0.12,0.04,0.16,0.12,0.16,Matches,6613c819
472,Boubakary Soumaré,fr FRA,MF,Leicester City,24-055,1999,20,14,1104,12.3,0,0,0,0,0,0,6,0,0,0,0.3,0.3,14,53,12,0,0,0,0,0,0,0.02,0.03,0,0.03,Matches,ae59b359
473,Harry Souttar,au AUS,DF,Leicester City,24-183,1998,10,10,900,10,0,1,1,0,0,0,2,0,1.4,1.4,0.2,1.6,6,28,4,0,0.1,0.1,0,0.1,0.14,0.02,0.16,0.14,0.16,Matches,0a6cb1b1
474,Çağlar Söyüncü,tr TUR,DF,Leicester City,26-335,1996,4,3,259,2.9,0,0,0,0,0,0,2,0,0.3,0.3,0.1,0.3,3,7,0,0,0,0,0,0,0.09,0.02,0.11,0.09,0.11,Matches,21166ff4
475,Djed Spence,eng ENG,FWDF,Tottenham,22-257,2000,4,0,7,0.1,0,0,0,0,0,0,0,0,0.1,0.1,0,0.1,2,0,2,0,0,0,0,0,0.83,0,0.83,0.83,0.83,Matches,9bc9a519
476,Jack Stacey,eng ENG,DF,Bournemouth,27-017,1996,9,3,297,3.3,0,0,0,0,0,0,2,0,0.1,0.1,0,0.1,9,2,15,0,0,0,0,0,0.03,0,0.03,0.03,0.03,Matches,558807c0
477,Junior Stanislas,eng ENG,MF,Bournemouth,33-148,1989,4,0,61,0.7,0,0,0,0,0,0,0,0,0,0,0.1,0.2,0,4,5,0,0,0,0,0,0.05,0.19,0.25,0.05,0.25,Matches,6992791d
478,Jay Stansfield,eng ENG,FW,Fulham,20-150,2002,3,1,87,1,0,0,0,0,0,0,0,0,0.3,0.3,0.1,0.3,2,0,4,0,0,0,0,0,0.26,0.09,0.35,0.26,0.35,Matches,b2626673
479,Jason Steele,eng ENG,GK,Brighton,32-248,1990,6,6,540,6,0,1,1,0,0,0,1,0,0,0,0.1,0.1,0,0,0,0,0.17,0.17,0,0.17,0,0.01,0.01,0,0.01,Matches,28300a16
480,Jack Stephens,eng ENG,DF,Southampton,29-086,1994,2,0,46,0.5,0,0,0,0,0,0,0,0,0,0,0,0,3,3,0,0,0,0,0,0,0,0,0,0,0,Matches,6adbc307
481,Jack Stephens,eng ENG,DF,Bournemouth,29-086,1994,14,12,1083,12,0,0,0,0,0,0,3,0,0.4,0.4,0.2,0.6,2,25,3,0,0,0,0,0,0.03,0.02,0.05,0.03,0.05,Matches,6adbc307
482,Raheem Sterling,eng ENG,FWMF,Chelsea,28-136,1994,22,18,1467,16.3,4,2,6,4,0,0,4,0,4.5,4.5,3.7,8.2,61,46,144,0.25,0.12,0.37,0.25,0.37,0.28,0.22,0.5,0.28,0.5,Matches,b400bde0
483,John Stones,eng ENG,DFMF,Manchester City,28-330,1994,18,17,1459,16.2,1,2,3,1,0,0,2,0,0.6,0.6,1.3,1.9,22,90,31,0.06,0.12,0.19,0.06,0.19,0.04,0.08,0.12,0.04,0.12,Matches,5eecec3d
484,Pascal Struijk,nl NED,DF,Leeds United,23-255,1999,25,24,2047,22.7,2,1,3,2,0,0,4,0,1.3,1.3,2.3,3.6,22,114,45,0.09,0.04,0.13,0.09,0.13,0.06,0.1,0.16,0.06,0.16,Matches,f4d296e4
485,Kamaldeen Sulemana,gh GHA,FWMF,Southampton,21-067,2002,12,8,718,8,0,0,0,0,0,0,1,0,1,1,0.5,1.5,23,32,65,0,0,0,0,0,0.12,0.06,0.18,0.12,0.18,Matches,a62f8bf1
486,Crysencio Summerville,nl NED,FW,Leeds United,21-175,2001,24,11,1223,13.6,4,2,6,4,0,0,3,0,2.6,2.6,1.6,4.1,47,40,75,0.29,0.15,0.44,0.29,0.44,0.19,0.11,0.3,0.19,0.3,Matches,df04eb4b
487,Sam Surridge,eng ENG,FW,Nott'ham Forest,24-269,1998,18,1,311,3.5,1,0,1,1,0,0,2,0,1.8,1.8,0.1,1.8,2,6,14,0.29,0,0.29,0.29,0.29,0.52,0.02,0.53,0.52,0.53,Matches,b017b770
488,Japhet Tanganga,eng ENG,DF,Tottenham,24-023,1999,3,2,142,1.6,0,0,0,0,0,0,0,0,0,0,0,0,1,5,2,0,0,0,0,0,0,0,0,0,0,Matches,e9971f2d
489,Matt Targett,eng ENG,DF,Newcastle Utd,27-217,1995,13,4,459,5.1,0,0,0,0,0,0,0,0,0,0,0.4,0.4,3,34,13,0,0,0,0,0,0,0.08,0.08,0,0.08,Matches,e514ab62
490,James Tarkowski,eng ENG,DF,Everton,30-155,1992,32,32,2880,32,1,1,2,1,0,0,6,0,2.5,2.5,2.2,4.7,13,93,7,0.03,0.03,0.06,0.03,0.06,0.08,0.07,0.15,0.08,0.15,Matches,15ea812b
491,Marcus Tavernier,eng ENG,MFFW,Bournemouth,24-032,1999,21,17,1576,17.5,4,4,8,4,0,0,1,0,2.8,2.8,2.4,5.1,55,44,113,0.23,0.23,0.46,0.23,0.46,0.16,0.13,0.29,0.16,0.29,Matches,5c0da4a4
492,Tetê,br BRA,FW,Leicester City,23-067,2000,10,8,589,6.5,1,0,1,1,0,0,0,0,1.7,1.7,0.3,2,19,21,45,0.15,0,0.15,0.15,0.15,0.26,0.04,0.3,0.26,0.3,Matches,7120a04d
493,Kenny Tete,nl NED,DF,Fulham,27-196,1995,25,23,2052,22.8,0,4,4,0,0,0,7,0,0.4,0.4,1.7,2.1,59,80,54,0,0.18,0.18,0,0.18,0.02,0.07,0.09,0.02,0.09,Matches,77d7c96f
494,Luke Thomas,eng ENG,DF,Leicester City,21-317,2001,12,8,767,8.5,0,0,0,0,0,0,1,0,0.1,0.1,0.7,0.7,7,37,7,0,0,0,0,0,0.01,0.08,0.09,0.01,0.09,Matches,fc027d02
495,Youri Tielemans,be BEL,MF,Leicester City,25-351,1997,25,21,1835,20.4,3,1,4,2,1,2,3,0,2.3,0.7,3.7,4.4,28,151,51,0.15,0.05,0.2,0.1,0.15,0.11,0.18,0.29,0.04,0.22,Matches,56f7a928
496,Kieran Tierney,sct SCO,DF,Arsenal,25-322,1997,22,5,618,6.9,0,1,1,0,0,0,0,0,0.3,0.3,0.3,0.6,23,30,26,0,0.15,0.15,0,0.15,0.04,0.05,0.09,0.04,0.09,Matches,fce2302c
497,Harry Toffolo,eng ENG,DF,Nott'ham Forest,27-247,1995,15,9,879,9.8,0,0,0,0,0,0,2,0,0.3,0.3,0.8,1,8,26,40,0,0,0,0,0,0.03,0.08,0.11,0.03,0.11,Matches,a105d46a
498,Takehiro Tomiyasu,jp JPN,DF,Arsenal,24-169,1998,21,6,663,7.4,0,1,1,0,0,0,2,0,0.2,0.2,0.6,0.8,14,51,28,0,0.14,0.14,0,0.14,0.03,0.08,0.11,0.03,0.11,Matches,b3af9be1
499,James Tomkins,eng ENG,DF,Crystal Palace,34-025,1989,6,3,338,3.8,1,0,1,1,0,0,3,1,1,1,0,1,1,2,1,0.27,0,0.27,0.27,0.27,0.27,0,0.27,0.27,0.27,Matches,e7ca0439
500,Ivan Toney,eng ENG,FW,Brentford,27-038,1996,30,30,2689,29.9,19,4,23,13,6,7,9,0,18.6,13.1,4.9,18,12,73,149,0.64,0.13,0.77,0.44,0.57,0.62,0.16,0.79,0.44,0.6,Matches,e09f279b
501,Adama Traoré,es ESP,FWMF,Wolves,27-088,1996,28,10,1275,14.2,2,1,3,2,0,0,0,0,1.2,1.2,3.5,4.7,72,32,140,0.14,0.07,0.21,0.14,0.21,0.09,0.25,0.34,0.09,0.34,Matches,9a28eba4
502,Bertrand Traoré,bf BFA,FW,Aston Villa,27-229,1995,5,0,147,1.6,2,0,2,2,0,0,0,0,0.6,0.6,0.1,0.7,7,7,20,1.22,0,1.22,1.22,1.22,0.39,0.05,0.43,0.39,0.43,Matches,c47541e0
503,Boubacar Traoré,ml MLI,MF,Wolves,21-246,2001,8,4,384,4.3,0,1,1,0,0,0,2,0,0.1,0.1,0.2,0.2,4,8,2,0,0.23,0.23,0,0.23,0.02,0.04,0.06,0.02,0.06,Matches,999ceb5f
504,Mark Travers,ie IRL,GK,Bournemouth,23-340,1999,11,10,945,10.5,0,0,0,0,0,0,0,0,0,0,0,0,0,0,0,0,0,0,0,0,0,0,0,0,0,Matches,fe558029
505,Kieran Trippier,eng ENG,DF,Newcastle Utd,32-216,1990,30,30,2643,29.4,1,6,7,1,0,0,5,0,0.7,0.7,9.2,9.9,28,199,120,0.03,0.2,0.24,0.03,0.24,0.03,0.31,0.34,0.03,0.34,Matches,21512407
506,Leandro Trossard,be BEL,FW,Arsenal,28-140,1994,14,7,612,6.8,1,7,8,1,0,0,0,0,1.4,1.4,3.6,5,27,42,81,0.15,1.03,1.18,0.15,1.18,0.21,0.53,0.74,0.21,0.74,Matches,38ceb24a
507,Leandro Trossard,be BEL,FWMF,Brighton,28-140,1994,16,16,1315,14.6,7,2,9,7,0,0,1,0,4.4,4.4,2.1,6.5,40,67,118,0.48,0.14,0.62,0.48,0.62,0.3,0.14,0.45,0.3,0.45,Matches,38ceb24a
508,Kostas Tsimikas,gr GRE,DF,Liverpool,26-346,1996,16,7,622,6.9,0,4,4,0,0,0,2,0,0.6,0.6,1.5,2.2,19,22,69,0,0.58,0.58,0,0.58,0.09,0.22,0.31,0.09,0.31,Matches,f315ca93
509,Deniz Undav,de GER,FWMF,Brighton,26-278,1996,13,2,258,2.9,0,0,0,0,0,0,0,0,2.2,2.2,0.7,2.9,3,3,22,0,0,0,0,0,0.77,0.25,1.02,0.77,1.02,Matches,dd549382
510,Yan Valery,tn TUN,DF,Southampton,24-060,1999,1,1,45,0.5,0,0,0,0,0,0,0,0,0,0,0,0,0,0,0,0,0,0,0,0,0,0,0,0,0,Matches,531a4aa8
511,Virgil van Dijk,nl NED,DF,Liverpool,31-289,1991,26,26,2295,25.5,3,0,3,3,0,0,2,0,2.3,2.3,0.3,2.5,10,109,6,0.12,0,0.12,0.12,0.12,0.09,0.01,0.1,0.09,0.1,Matches,e06683ca
512,Raphaël Varane,fr FRA,DF,Manchester Utd,29-363,1993,21,19,1651,18.3,0,0,0,0,0,0,1,0,0.7,0.7,0.2,0.9,16,53,3,0,0,0,0,0,0.04,0.01,0.05,0.04,0.05,Matches,9f8e9423
513,Jamie Vardy,eng ENG,FW,Leicester City,36-102,1987,31,15,1505,16.7,1,4,5,1,0,0,1,0,2.8,2.8,1.2,4,12,13,85,0.06,0.24,0.3,0.06,0.3,0.17,0.07,0.24,0.17,0.24,Matches,45963054
514,Joël Veltman,nl NED,DF,Brighton,31-098,1992,27,22,1990,22.1,1,1,2,1,0,0,3,0,1.7,1.7,0.5,2.2,43,142,47,0.05,0.05,0.09,0.05,0.09,0.08,0.02,0.1,0.08,0.1,Matches,dad4b285
515,Fabio Vieira,pt POR,MF,Arsenal,22-328,2000,20,3,477,5.3,1,2,3,1,0,0,0,0,0.8,0.8,2.5,3.3,7,30,39,0.19,0.38,0.57,0.19,0.57,0.16,0.47,0.62,0.16,0.62,Matches,6412cc03
516,Matías Viña,uy URU,DFMF,Bournemouth,25-165,1997,5,1,68,0.8,1,0,1,1,0,0,0,0,0.4,0.4,0.1,0.5,3,1,2,1.32,0,1.32,1.32,1.32,0.53,0.14,0.66,0.53,0.66,Matches,08eb3b58
517,Rúben Vinagre,pt POR,DFMF,Everton,24-014,1999,2,0,26,0.3,0,0,0,0,0,0,0,0,0,0,0,0,2,0,1,0,0,0,0,0,0,0,0,0,0,Matches,b937e490
518,Carlos Vinícius,br BRA,FW,Fulham,28-029,1995,22,7,752,8.4,2,1,3,2,0,0,3,0,1.7,1.7,0.6,2.3,4,9,33,0.24,0.12,0.36,0.24,0.36,0.2,0.07,0.27,0.2,0.27,Matches,8b529245
519,Theo Walcott,eng ENG,FWMF,Southampton,34-038,1989,14,8,755,8.4,2,1,3,2,0,0,1,0,1.8,1.8,1.1,3,12,6,48,0.24,0.12,0.36,0.24,0.36,0.22,0.14,0.35,0.22,0.35,Matches,1ecb65be
520,Kyle Walker,eng ENG,DF,Manchester City,32-330,1990,19,15,1291,14.3,0,0,0,0,0,0,2,0,0.4,0.4,0.2,0.5,33,114,52,0,0,0,0,0,0.02,0.01,0.04,0.02,0.04,Matches,86dd77d1
521,Kyle Walker-Peters,eng ENG,DF,Southampton,26-010,1997,25,24,2110,23.4,1,0,1,1,0,0,3,0,0.8,0.8,1,1.9,78,77,95,0.04,0,0.04,0.04,0.04,0.04,0.04,0.08,0.04,0.08,Matches,984a5a64
522,Aaron Wan-Bissaka,eng ENG,DF,Manchester Utd,25-148,1997,13,10,919,10.2,0,0,0,0,0,0,0,0,0.9,0.9,0.9,1.7,31,40,42,0,0,0,0,0,0.09,0.09,0.17,0.09,0.17,Matches,9e525177
523,Danny Ward,wls WAL,GK,Leicester City,29-305,1993,26,26,2340,26,0,0,0,0,0,0,0,0,0,0,0,0,0,0,0,0,0,0,0,0,0,0,0,0,0,Matches,d3ce0e89
524,Joel Ward,eng ENG,DF,Crystal Palace,33-176,1989,22,19,1761,19.6,0,0,0,0,0,0,5,0,0.1,0.1,0.1,0.2,11,70,33,0,0,0,0,0,0.01,0.01,0.01,0.01,0.01,Matches,8a7ff278
525,James Ward-Prowse,eng ENG,MF,Southampton,28-173,1994,32,32,2880,32,7,2,9,6,1,3,5,0,4.8,2.3,5.4,7.6,18,175,46,0.22,0.06,0.28,0.19,0.25,0.15,0.17,0.32,0.07,0.24,Matches,3515d404
526,Ollie Watkins,eng ENG,FW,Aston Villa,27-114,1995,31,30,2592,28.8,14,6,20,13,1,1,2,0,13.5,12.7,3.3,16,46,35,164,0.49,0.21,0.69,0.45,0.66,0.47,0.12,0.58,0.44,0.56,Matches,aed3a70f
527,Adam Webster,eng ENG,DF,Brighton,28-109,1995,23,19,1696,18.8,0,0,0,0,0,0,1,0,1.6,1.6,0.1,1.7,17,96,7,0,0,0,0,0,0.08,0.01,0.09,0.08,0.09,Matches,c40b6180
528,Wout Weghorst,nl NED,FWMF,Manchester Utd,30-259,1992,11,9,644,7.2,0,1,1,0,0,0,1,0,1.3,1.3,0.8,2.2,1,14,35,0,0.14,0.14,0,0.14,0.19,0.11,0.3,0.19,0.3,Matches,c4e87b8b
529,Danny Welbeck,eng ENG,FW,Brighton,32-148,1990,23,16,1475,16.4,4,2,6,4,0,0,0,0,7.9,7.9,2.7,10.6,21,36,110,0.24,0.12,0.37,0.24,0.37,0.48,0.16,0.65,0.48,0.65,Matches,ce5143da
530,Ben White,eng ENG,DF,Arsenal,25-197,1997,32,30,2515,27.9,2,5,7,2,0,0,5,0,1.3,1.3,3,4.3,55,217,115,0.07,0.18,0.25,0.07,0.25,0.05,0.11,0.15,0.05,0.15,Matches,35e413f1
531,Harvey White,eng ENG,MF,Tottenham,21-216,2001,1,0,5,0.1,0,0,0,0,0,0,0,0,0,0,0,0,0,0,1,0,0,0,0,0,0,0,0,0,0,Matches,4d90ce8c
532,Joseph Whitworth,eng ENG,GK,Crystal Palace,19-053,2004,2,2,180,2,0,0,0,0,0,0,0,0,0,0,0,0,0,0,0,0,0,0,0,0,0,0,0,0,0,Matches,3f847d95
533,Neco Williams,wls WAL,DF,Nott'ham Forest,22-010,2001,30,19,1818,20.2,1,0,1,1,0,0,7,0,1.1,1.1,1.4,2.6,49,33,67,0.05,0,0.05,0.05,0.05,0.06,0.07,0.13,0.06,0.13,Matches,dd323728
534,Willian,br BRA,FW,Fulham,34-257,1988,22,20,1710,19,3,3,6,3,0,0,2,0,2.9,2.9,3.1,6,79,90,119,0.16,0.16,0.32,0.16,0.32,0.15,0.16,0.32,0.15,0.32,Matches,8b9ebd03
535,Joe Willock,eng ENG,MF,Newcastle Utd,23-246,1999,29,25,2071,23,3,4,7,3,0,0,1,0,5.8,5.8,4.1,9.8,75,95,117,0.13,0.17,0.3,0.13,0.3,0.25,0.18,0.43,0.25,0.43,Matches,a3b03921
536,Callum Wilson,eng ENG,FW,Newcastle Utd,31-055,1992,23,16,1393,15.5,10,4,14,9,1,1,3,0,10.4,9.6,2.1,11.7,21,17,90,0.65,0.26,0.9,0.58,0.84,0.67,0.14,0.81,0.62,0.76,Matches,c596fcb0
537,Harry Wilson,wls WAL,FW,Fulham,26-032,1997,22,6,637,7.1,2,0,2,2,0,0,1,0,1.8,1.8,0.2,2,9,23,52,0.28,0,0.28,0.28,0.28,0.25,0.03,0.28,0.25,0.28,Matches,c6dc9ecd
538,Yoane Wissa,cd COD,FW,Brentford,26-232,1996,32,12,1259,14,5,2,7,5,0,0,2,0,3.9,3.9,2.3,6.3,18,24,86,0.36,0.14,0.5,0.36,0.5,0.28,0.17,0.45,0.28,0.45,Matches,2500cef9
539,Maximilian Wöber,at AUT,DF,Leeds United,25-078,1998,11,10,880,9.8,0,0,0,0,0,0,2,0,0.6,0.6,0.5,1.1,9,38,10,0,0,0,0,0,0.06,0.05,0.11,0.06,0.11,Matches,4b803b3c
540,Chris Wood,nz NZL,FW,Newcastle Utd,31-137,1991,18,4,446,5,2,0,2,1,1,1,0,0,1.8,1,0.3,1.3,1,4,23,0.4,0,0.4,0.2,0.2,0.37,0.06,0.43,0.21,0.27,Matches,4e9a0555
541,Chris Wood,nz NZL,FW,Nott'ham Forest,31-137,1991,7,5,372,4.1,1,0,1,1,0,0,0,0,1,1,0.2,1.2,2,7,12,0.24,0,0.24,0.24,0.24,0.23,0.05,0.28,0.23,0.28,Matches,4e9a0555
542,Joe Worrall,eng ENG,DF,Nott'ham Forest,26-103,1997,24,17,1760,19.6,1,0,1,1,0,0,6,0,0.5,0.5,0.8,1.4,5,56,1,0.05,0,0.05,0.05,0.05,0.03,0.04,0.07,0.03,0.07,Matches,a5212312
543,Granit Xhaka,ch SUI,MF,Arsenal,30-208,1992,31,30,2559,28.4,5,5,10,5,0,0,4,0,3,3,4.5,7.4,36,183,158,0.18,0.18,0.35,0.18,0.35,0.1,0.16,0.26,0.1,0.26,Matches,e61b8aee
544,Ryan Yates,eng ENG,MF,Nott'ham Forest,25-153,1997,21,17,1494,16.6,0,2,2,0,0,0,4,0,2.2,2.2,1.2,3.4,10,37,23,0,0.12,0.12,0,0.12,0.13,0.07,0.2,0.13,0.2,Matches,c1fe2a48
545,Ashley Young,eng ENG,DF,Aston Villa,37-288,1985,24,19,1697,18.9,1,0,1,1,0,0,4,0,0.3,0.3,0.9,1.1,24,93,31,0.05,0,0.05,0.05,0.05,0.02,0.05,0.06,0.02,0.06,Matches,be927d03
546,Illia Zabarnyi,ua UKR,DF,Bournemouth,20-234,2002,1,0,6,0.1,0,0,0,0,0,0,0,0,0,0,0,0,0,0,0,0,0,0,0,0,0,0,0,0,0,Matches,88968486
547,Wilfried Zaha,ci CIV,FWMF,Crystal Palace,30-164,1992,24,24,2065,22.9,6,2,8,6,0,2,4,0,5.9,4.2,2.5,6.7,70,60,212,0.26,0.09,0.35,0.26,0.35,0.26,0.11,0.37,0.18,0.29,Matches,b2bc3b1f
548,Denis Zakaria,ch SUI,MF,Chelsea,26-154,1996,7,5,411,4.6,0,0,0,0,0,0,0,0,0.2,0.2,0,0.2,9,6,3,0,0,0,0,0,0.04,0.01,0.05,0.04,0.05,Matches,384d58d9
549,Jordan Zemura,zw ZIM,DF,Bournemouth,23-160,1999,19,17,1454,16.2,0,1,1,0,0,0,1,0,0.4,0.4,1.9,2.2,39,45,48,0,0.06,0.06,0,0.06,0.02,0.11,0.14,0.02,0.14,Matches,e8271ad9
550,Oleksandr Zinchenko,ua UKR,DF,Arsenal,26-129,1996,24,23,1896,21.1,1,2,3,1,0,0,3,0,1.4,1.4,1.4,2.7,65,212,65,0.05,0.09,0.14,0.05,0.14,0.06,0.07,0.13,0.06,0.13,Matches,51cf8561
551,Hakim Ziyech,ma MAR,FWMF,Chelsea,30-035,1993,14,6,607,6.7,0,1,1,0,0,0,1,0,0.6,0.6,1.5,2,15,36,58,0,0.15,0.15,0,0.15,0.08,0.22,0.3,0.08,0.3,Matches,6622454d
552,Kurt Zouma,fr FRA,DF,West Ham,28-178,1994,21,20,1746,19.4,2,0,2,2,0,0,0,0,2.2,2.2,0.1,2.3,1,28,1,0.1,0,0.1,0.1,0.1,0.11,0,0.12,0.11,0.12,Matches,ce4246f5
553,Martin Ødegaard,no NOR,MF,Arsenal,24-127,1998,31,31,2648,29.4,12,7,19,12,0,0,4,0,8.9,8.9,7,15.9,73,231,166,0.41,0.24,0.65,0.41,0.65,0.3,0.24,0.54,0.3,0.54,Matches,79300479
